date,sales,promo,radio,search,social,tv,new-years-day,martin-luther-king-jr-day,washingtons-birthday,memorial-day,independence-day,labor-day,columbus-day,veterans-day,thanksgiving,christmas-day,independence-day-observed,juneteenth-national-independence-day-observed,juneteenth-national-independence-day,christmas-day-observed,new-years-day-observed
2019-01-01,631.0,1070.0,7319.0,0.0,2530.0,8755.0,1,0,0,0,0,0,0,0,0,0,0,0,0,0,0
2019-01-02,397.0,1926.0,5729.0,4189.0,1635.0,5621.0,0,0,0,0,0,0,0,0,0,0,0,0,0,0,0
2019-01-03,530.0,2224.0,0.0,4820.0,0.0,13586.0,0,0,0,0,0,0,0,0,0,0,0,0,0,0,0
2019-01-04,766.0,2405.0,3163.0,0.0,0.0,10953.0,0,0,0,0,0,0,0,0,0,0,0,0,0,0,0
2019-01-05,1168.0,2122.0,8359.0,2937.0,0.0,0.0,0,0,0,0,0,0,0,0,0,0,0,0,0,0,0
2019-01-06,1270.0,2140.0,8844.0,4253.0,2209.0,0.0,0,0,0,0,0,0,0,0,0,0,0,0,0,0,0
2019-01-07,1001.0,1502.0,4973.0,3853.0,2586.0,3792.0,0,0,0,0,0,0,0,0,0,0,0,0,0,0,0
2019-01-08,399.0,2356.0,1276.0,0.0,3690.0,0.0,0,0,0,0,0,0,0,0,0,0,0,0,0,0,0
2019-01-09,320.0,2080.0,5249.0,3958.0,0.0,4327.0,0,0,0,0,0,0,0,0,0,0,0,0,0,0,0
2019-01-10,547.0,2791.0,4966.0,3310.0,4160.0,10705.0,0,0,0,0,0,0,0,0,0,0,0,0,0,0,0
2019-01-11,771.0,2569.0,4475.0,4264.0,0.0,4518.0,0,0,0,0,0,0,0,0,0,0,0,0,0,0,0
2019-01-12,1121.0,2438.0,4287.0,3911.0,1906.0,6948.0,0,0,0,0,0,0,0,0,0,0,0,0,0,0,0
2019-01-13,1328.0,1747.0,4890.0,3532.0,3277.0,4939.0,0,0,0,0,0,0,0,0,0,0,0,0,0,0,0
2019-01-14,816.0,0.0,0.0,3815.0,1806.0,3515.0,0,0,0,0,0,0,0,0,0,0,0,0,0,0,0
2019-01-15,484.0,2804.0,5804.0,3534.0,2764.0,3173.0,0,0,0,0,0,0,0,0,0,0,0,0,0,0,0
2019-01-16,317.0,0.0,1416.0,4143.0,3743.0,1108.0,0,0,0,0,0,0,0,0,0,0,0,0,0,0,0
2019-01-17,434.0,2964.0,133.0,3850.0,1370.0,0.0,0,0,0,0,0,0,0,0,0,0,0,0,0,0,0
2019-01-18,944.0,2101.0,0.0,5051.0,4063.0,7428.0,0,0,0,0,0,0,0,0,0,0,0,0,0,0,0
2019-01-19,985.0,0.0,6902.0,0.0,3544.0,0.0,0,0,0,0,0,0,0,0,0,0,0,0,0,0,0
2019-01-20,1195.0,1862.0,2719.0,3811.0,2528.0,0.0,0,0,0,0,0,0,0,0,0,0,0,0,0,0,0
2019-01-21,772.0,2362.0,2152.0,0.0,4914.0,0.0,0,1,0,0,0,0,0,0,0,0,0,0,0,0,0
2019-01-22,411.0,0.0,9066.0,0.0,3464.0,2247.0,0,0,0,0,0,0,0,0,0,0,0,0,0,0,0
2019-01-23,282.0,2111.0,7238.0,3318.0,0.0,2693.0,0,0,0,0,0,0,0,0,0,0,0,0,0,0,0
2019-01-24,425.0,0.0,0.0,3924.0,3145.0,0.0,0,0,0,0,0,0,0,0,0,0,0,0,0,0,0
2019-01-25,778.0,1935.0,7012.0,3583.0,2034.0,0.0,0,0,0,0,0,0,0,0,0,0,0,0,0,0,0
2019-01-26,1084.0,1915.0,3693.0,3571.0,2427.0,5222.0,0,0,0,0,0,0,0,0,0,0,0,0,0,0,0
2019-01-27,1334.0,3312.0,6841.0,3341.0,2975.0,7456.0,0,0,0,0,0,0,0,0,0,0,0,0,0,0,0
2019-01-28,989.0,2366.0,3061.0,4294.0,2966.0,6084.0,0,0,0,0,0,0,0,0,0,0,0,0,0,0,0
2019-01-29,535.0,2432.0,5561.0,3515.0,2585.0,8563.0,0,0,0,0,0,0,0,0,0,0,0,0,0,0,0
2019-01-30,339.0,0.0,7337.0,3223.0,4022.0,8772.0,0,0,0,0,0,0,0,0,0,0,0,0,0,0,0
2019-01-31,446.0,1783.0,4281.0,4368.0,4093.0,0.0,0,0,0,0,0,0,0,0,0,0,0,0,0,0,0
2019-02-01,688.0,0.0,1898.0,4279.0,0.0,0.0,0,0,0,0,0,0,0,0,0,0,0,0,0,0,0
2019-02-02,1040.0,2009.0,1994.0,4053.0,4170.0,0.0,0,0,0,0,0,0,0,0,0,0,0,0,0,0,0
2019-02-03,1253.0,2095.0,0.0,4717.0,3870.0,8282.0,0,0,0,0,0,0,0,0,0,0,0,0,0,0,0
2019-02-04,760.0,2570.0,3362.0,0.0,2669.0,0.0,0,0,0,0,0,0,0,0,0,0,0,0,0,0,0
2019-02-05,393.0,1704.0,3619.0,0.0,1792.0,0.0,0,0,0,0,0,0,0,0,0,0,0,0,0,0,0
2019-02-06,389.0,2660.0,3952.0,3470.0,2917.0,9262.0,0,0,0,0,0,0,0,0,0,0,0,0,0,0,0
2019-02-07,482.0,1621.0,4144.0,3927.0,0.0,11647.0,0,0,0,0,0,0,0,0,0,0,0,0,0,0,0
2019-02-08,756.0,2179.0,0.0,0.0,1837.0,8799.0,0,0,0,0,0,0,0,0,0,0,0,0,0,0,0
2019-02-09,1312.0,2417.0,10880.0,4780.0,3309.0,0.0,0,0,0,0,0,0,0,0,0,0,0,0,0,0,0
2019-02-10,1487.0,2625.0,4041.0,3909.0,5274.0,6837.0,0,0,0,0,0,0,0,0,0,0,0,0,0,0,0
2019-02-11,941.0,2384.0,0.0,4319.0,0.0,8116.0,0,0,0,0,0,0,0,0,0,0,0,0,0,0,0
2019-02-12,457.0,1479.0,6652.0,3453.0,1746.0,4058.0,0,0,0,0,0,0,0,0,0,0,0,0,0,0,0
2019-02-13,297.0,1494.0,6915.0,0.0,1886.0,0.0,0,0,0,0,0,0,0,0,0,0,0,0,0,0,0
2019-02-14,547.0,0.0,3731.0,3150.0,4488.0,5845.0,0,0,0,0,0,0,0,0,0,0,0,0,0,0,0
2019-02-15,823.0,1874.0,0.0,0.0,3387.0,9832.0,0,0,0,0,0,0,0,0,0,0,0,0,0,0,0
2019-02-16,1232.0,2567.0,10892.0,0.0,1871.0,5061.0,0,0,0,0,0,0,0,0,0,0,0,0,0,0,0
2019-02-17,1193.0,2162.0,0.0,0.0,4055.0,0.0,0,0,0,0,0,0,0,0,0,0,0,0,0,0,0
2019-02-18,1415.0,1884.0,7800.0,4492.0,4225.0,6874.0,0,0,1,0,0,0,0,0,0,0,0,0,0,0,0
2019-02-19,541.0,1976.0,4574.0,4045.0,0.0,11825.0,0,0,0,0,0,0,0,0,0,0,0,0,0,0,0
2019-02-20,384.0,1796.0,5328.0,4469.0,0.0,6924.0,0,0,0,0,0,0,0,0,0,0,0,0,0,0,0
2019-02-21,545.0,1266.0,6581.0,2830.0,0.0,10968.0,0,0,0,0,0,0,0,0,0,0,0,0,0,0,0
2019-02-22,1076.0,2497.0,0.0,4041.0,4105.0,11574.0,0,0,0,0,0,0,0,0,0,0,0,0,0,0,0
2019-02-23,1462.0,0.0,4284.0,2818.0,4338.0,8712.0,0,0,0,0,0,0,0,0,0,0,0,0,0,0,0
2019-02-24,1276.0,2280.0,0.0,3204.0,0.0,12551.0,0,0,0,0,0,0,0,0,0,0,0,0,0,0,0
2019-02-25,1141.0,2211.0,2541.0,3338.0,2266.0,11145.0,0,0,0,0,0,0,0,0,0,0,0,0,0,0,0
2019-02-26,660.0,0.0,12341.0,3062.0,3055.0,8908.0,0,0,0,0,0,0,0,0,0,0,0,0,0,0,0
2019-02-27,398.0,0.0,5796.0,3593.0,4308.0,3847.0,0,0,0,0,0,0,0,0,0,0,0,0,0,0,0
2019-02-28,606.0,0.0,0.0,3709.0,3652.0,7459.0,0,0,0,0,0,0,0,0,0,0,0,0,0,0,0
2019-03-01,987.0,0.0,0.0,4037.0,3269.0,5461.0,0,0,0,0,0,0,0,0,0,0,0,0,0,0,0
2019-03-02,1465.0,2048.0,3183.0,3934.0,379.0,12151.0,0,0,0,0,0,0,0,0,0,0,0,0,0,0,0
2019-03-03,1432.0,1377.0,2418.0,4736.0,4603.0,0.0,0,0,0,0,0,0,0,0,0,0,0,0,0,0,0
2019-03-04,1291.0,2369.0,4891.0,3809.0,3381.0,9292.0,0,0,0,0,0,0,0,0,0,0,0,0,0,0,0
2019-03-05,478.0,0.0,4161.0,0.0,0.0,6214.0,0,0,0,0,0,0,0,0,0,0,0,0,0,0,0
2019-03-06,400.0,1793.0,0.0,3733.0,0.0,7573.0,0,0,0,0,0,0,0,0,0,0,0,0,0,0,0
2019-03-07,611.0,2133.0,6622.0,3965.0,2016.0,3043.0,0,0,0,0,0,0,0,0,0,0,0,0,0,0,0
2019-03-08,945.0,1607.0,4133.0,3818.0,2676.0,0.0,0,0,0,0,0,0,0,0,0,0,0,0,0,0,0
2019-03-09,1548.0,1249.0,2086.0,0.0,3491.0,10656.0,0,0,0,0,0,0,0,0,0,0,0,0,0,0,0
2019-03-10,1223.0,910.0,0.0,0.0,0.0,1832.0,0,0,0,0,0,0,0,0,0,0,0,0,0,0,0
2019-03-11,1141.0,1326.0,5319.0,4414.0,0.0,11798.0,0,0,0,0,0,0,0,0,0,0,0,0,0,0,0
2019-03-12,556.0,1372.0,983.0,0.0,4343.0,4930.0,0,0,0,0,0,0,0,0,0,0,0,0,0,0,0
2019-03-13,443.0,0.0,5451.0,4200.0,3958.0,7204.0,0,0,0,0,0,0,0,0,0,0,0,0,0,0,0
2019-03-14,758.0,2810.0,0.0,4002.0,2280.0,12270.0,0,0,0,0,0,0,0,0,0,0,0,0,0,0,0
2019-03-15,1027.0,0.0,0.0,3172.0,0.0,9978.0,0,0,0,0,0,0,0,0,0,0,0,0,0,0,0
2019-03-16,1791.0,3467.0,2982.0,4318.0,2657.0,10704.0,0,0,0,0,0,0,0,0,0,0,0,0,0,0,0
2019-03-17,1956.0,2470.0,5195.0,3246.0,3972.0,7553.0,0,0,0,0,0,0,0,0,0,0,0,0,0,0,0
2019-03-18,1551.0,1742.0,10797.0,3827.0,2697.0,4406.0,0,0,0,0,0,0,0,0,0,0,0,0,0,0,0
2019-03-19,654.0,2082.0,0.0,4030.0,2632.0,0.0,0,0,0,0,0,0,0,0,0,0,0,0,0,0,0
2019-03-20,395.0,1957.0,0.0,0.0,0.0,9442.0,0,0,0,0,0,0,0,0,0,0,0,0,0,0,0
2019-03-21,672.0,0.0,7018.0,4247.0,2969.0,7235.0,0,0,0,0,0,0,0,0,0,0,0,0,0,0,0
2019-03-22,1096.0,1672.0,6076.0,0.0,1610.0,4903.0,0,0,0,0,0,0,0,0,0,0,0,0,0,0,0
2019-03-23,1970.0,2755.0,6630.0,4426.0,2336.0,12346.0,0,0,0,0,0,0,0,0,0,0,0,0,0,0,0
2019-03-24,1497.0,1190.0,5277.0,0.0,3187.0,0.0,0,0,0,0,0,0,0,0,0,0,0,0,0,0,0
2019-03-25,1098.0,2462.0,813.0,0.0,0.0,6349.0,0,0,0,0,0,0,0,0,0,0,0,0,0,0,0
2019-03-26,713.0,1438.0,0.0,3349.0,4679.0,5446.0,0,0,0,0,0,0,0,0,0,0,0,0,0,0,0
2019-03-27,501.0,2641.0,5118.0,3935.0,2095.0,3117.0,0,0,0,0,0,0,0,0,0,0,0,0,0,0,0
2019-03-28,722.0,1113.0,3008.0,2826.0,3628.0,13998.0,0,0,0,0,0,0,0,0,0,0,0,0,0,0,0
2019-03-29,1422.0,0.0,7590.0,4375.0,4918.0,8326.0,0,0,0,0,0,0,0,0,0,0,0,0,0,0,0
2019-03-30,1786.0,2396.0,4861.0,3876.0,2902.0,5862.0,0,0,0,0,0,0,0,0,0,0,0,0,0,0,0
2019-03-31,1963.0,861.0,6698.0,3172.0,3771.0,6711.0,0,0,0,0,0,0,0,0,0,0,0,0,0,0,0
2019-04-01,1263.0,2170.0,6052.0,4482.0,0.0,3506.0,0,0,0,0,0,0,0,0,0,0,0,0,0,0,0
2019-04-02,692.0,1018.0,4431.0,3394.0,0.0,5158.0,0,0,0,0,0,0,0,0,0,0,0,0,0,0,0
2019-04-03,528.0,2674.0,3986.0,3672.0,2871.0,16851.0,0,0,0,0,0,0,0,0,0,0,0,0,0,0,0
2019-04-04,712.0,1786.0,9249.0,4011.0,0.0,6860.0,0,0,0,0,0,0,0,0,0,0,0,0,0,0,0
2019-04-05,1366.0,2473.0,9070.0,3576.0,3445.0,10564.0,0,0,0,0,0,0,0,0,0,0,0,0,0,0,0
2019-04-06,1446.0,1136.0,2806.0,0.0,5246.0,7281.0,0,0,0,0,0,0,0,0,0,0,0,0,0,0,0
2019-04-07,2048.0,1120.0,8437.0,4275.0,2063.0,11021.0,0,0,0,0,0,0,0,0,0,0,0,0,0,0,0
2019-04-08,1162.0,0.0,1136.0,0.0,3639.0,5462.0,0,0,0,0,0,0,0,0,0,0,0,0,0,0,0
2019-04-09,675.0,0.0,5089.0,3730.0,1895.0,0.0,0,0,0,0,0,0,0,0,0,0,0,0,0,0,0
2019-04-10,430.0,1574.0,2833.0,0.0,1693.0,5147.0,0,0,0,0,0,0,0,0,0,0,0,0,0,0,0
2019-04-11,821.0,2045.0,6541.0,3611.0,4425.0,12534.0,0,0,0,0,0,0,0,0,0,0,0,0,0,0,0
2019-04-12,1168.0,1554.0,4046.0,3773.0,2133.0,0.0,0,0,0,0,0,0,0,0,0,0,0,0,0,0,0
2019-04-13,1579.0,0.0,5715.0,0.0,3536.0,11664.0,0,0,0,0,0,0,0,0,0,0,0,0,0,0,0
2019-04-14,1651.0,2399.0,2927.0,0.0,1313.0,5300.0,0,0,0,0,0,0,0,0,0,0,0,0,0,0,0
2019-04-15,1116.0,1277.0,0.0,3584.0,3043.0,0.0,0,0,0,0,0,0,0,0,0,0,0,0,0,0,0
2019-04-16,540.0,2237.0,2195.0,0.0,2317.0,3857.0,0,0,0,0,0,0,0,0,0,0,0,0,0,0,0
2019-04-17,498.0,2248.0,5521.0,3734.0,3123.0,4982.0,0,0,0,0,0,0,0,0,0,0,0,0,0,0,0
2019-04-18,565.0,1964.0,0.0,3711.0,0.0,9015.0,0,0,0,0,0,0,0,0,0,0,0,0,0,0,0
2019-04-19,939.0,1350.0,5652.0,0.0,4282.0,0.0,0,0,0,0,0,0,0,0,0,0,0,0,0,0,0
2019-04-20,1486.0,1621.0,3076.0,3850.0,2651.0,7858.0,0,0,0,0,0,0,0,0,0,0,0,0,0,0,0
2019-04-21,1820.0,2004.0,8668.0,3426.0,4046.0,9384.0,0,0,0,0,0,0,0,0,0,0,0,0,0,0,0
2019-04-22,1303.0,2088.0,3429.0,4046.0,2834.0,0.0,0,0,0,0,0,0,0,0,0,0,0,0,0,0,0
2019-04-23,637.0,2596.0,9843.0,3739.0,0.0,3914.0,0,0,0,0,0,0,0,0,0,0,0,0,0,0,0
2019-04-24,400.0,0.0,0.0,3510.0,3731.0,0.0,0,0,0,0,0,0,0,0,0,0,0,0,0,0,0
2019-04-25,718.0,1810.0,6423.0,4098.0,3008.0,6870.0,0,0,0,0,0,0,0,0,0,0,0,0,0,0,0
2019-04-26,970.0,1618.0,0.0,0.0,3418.0,6620.0,0,0,0,0,0,0,0,0,0,0,0,0,0,0,0
2019-04-27,1191.0,0.0,0.0,0.0,2696.0,0.0,0,0,0,0,0,0,0,0,0,0,0,0,0,0,0
2019-04-28,1591.0,2649.0,0.0,3069.0,2193.0,10824.0,0,0,0,0,0,0,0,0,0,0,0,0,0,0,0
2019-04-29,1101.0,0.0,4237.0,3354.0,0.0,9932.0,0,0,0,0,0,0,0,0,0,0,0,0,0,0,0
2019-04-30,662.0,1298.0,4428.0,3899.0,3050.0,2805.0,0,0,0,0,0,0,0,0,0,0,0,0,0,0,0
2019-05-01,455.0,2363.0,6432.0,3176.0,3442.0,8252.0,0,0,0,0,0,0,0,0,0,0,0,0,0,0,0
2019-05-02,549.0,2641.0,0.0,0.0,2318.0,10133.0,0,0,0,0,0,0,0,0,0,0,0,0,0,0,0
2019-05-03,1032.0,0.0,6538.0,3268.0,2466.0,0.0,0,0,0,0,0,0,0,0,0,0,0,0,0,0,0
2019-05-04,1462.0,3135.0,6754.0,0.0,3632.0,5686.0,0,0,0,0,0,0,0,0,0,0,0,0,0,0,0
2019-05-05,1454.0,0.0,7843.0,4746.0,0.0,3493.0,0,0,0,0,0,0,0,0,0,0,0,0,0,0,0
2019-05-06,924.0,0.0,0.0,4087.0,1088.0,0.0,0,0,0,0,0,0,0,0,0,0,0,0,0,0,0
2019-05-07,552.0,2166.0,3948.0,4056.0,0.0,4743.0,0,0,0,0,0,0,0,0,0,0,0,0,0,0,0
2019-05-08,406.0,2247.0,2950.0,3678.0,0.0,10827.0,0,0,0,0,0,0,0,0,0,0,0,0,0,0,0
2019-05-09,550.0,2291.0,1824.0,4274.0,1485.0,4972.0,0,0,0,0,0,0,0,0,0,0,0,0,0,0,0
2019-05-10,743.0,0.0,0.0,0.0,1980.0,0.0,0,0,0,0,0,0,0,0,0,0,0,0,0,0,0
2019-05-11,1260.0,0.0,6275.0,0.0,2473.0,8355.0,0,0,0,0,0,0,0,0,0,0,0,0,0,0,0
2019-05-12,1505.0,0.0,0.0,4604.0,3685.0,0.0,0,0,0,0,0,0,0,0,0,0,0,0,0,0,0
2019-05-13,1135.0,2106.0,4659.0,3010.0,4257.0,8940.0,0,0,0,0,0,0,0,0,0,0,0,0,0,0,0
2019-05-14,514.0,2484.0,6557.0,3191.0,2340.0,0.0,0,0,0,0,0,0,0,0,0,0,0,0,0,0,0
2019-05-15,411.0,0.0,10383.0,3212.0,2177.0,0.0,0,0,0,0,0,0,0,0,0,0,0,0,0,0,0
2019-05-16,594.0,0.0,2642.0,3180.0,4140.0,9468.0,0,0,0,0,0,0,0,0,0,0,0,0,0,0,0
2019-05-17,958.0,2553.0,3023.0,0.0,3646.0,9949.0,0,0,0,0,0,0,0,0,0,0,0,0,0,0,0
2019-05-18,1446.0,0.0,0.0,4100.0,2292.0,12160.0,0,0,0,0,0,0,0,0,0,0,0,0,0,0,0
2019-05-19,1788.0,1662.0,8629.0,3760.0,3979.0,9553.0,0,0,0,0,0,0,0,0,0,0,0,0,0,0,0
2019-05-20,1139.0,1187.0,3616.0,0.0,3863.0,8805.0,0,0,0,0,0,0,0,0,0,0,0,0,0,0,0
2019-05-21,597.0,2225.0,0.0,4302.0,3160.0,5567.0,0,0,0,0,0,0,0,0,0,0,0,0,0,0,0
2019-05-22,330.0,2679.0,2675.0,0.0,0.0,0.0,0,0,0,0,0,0,0,0,0,0,0,0,0,0,0
2019-05-23,546.0,1728.0,0.0,3724.0,1475.0,7605.0,0,0,0,0,0,0,0,0,0,0,0,0,0,0,0
2019-05-24,1002.0,1755.0,5551.0,3680.0,4752.0,0.0,0,0,0,0,0,0,0,0,0,0,0,0,0,0,0
2019-05-25,1269.0,2571.0,5254.0,3029.0,2712.0,641.0,0,0,0,0,0,0,0,0,0,0,0,0,0,0,0
2019-05-26,1691.0,1864.0,0.0,3708.0,1969.0,9638.0,0,0,0,0,0,0,0,0,0,0,0,0,0,0,0
2019-05-27,899.0,0.0,2417.0,0.0,4004.0,0.0,0,0,0,1,0,0,0,0,0,0,0,0,0,0,0
2019-05-28,434.0,1106.0,0.0,0.0,0.0,0.0,0,0,0,0,0,0,0,0,0,0,0,0,0,0,0
2019-05-29,339.0,0.0,7549.0,0.0,2658.0,0.0,0,0,0,0,0,0,0,0,0,0,0,0,0,0,0
2019-05-30,682.0,2441.0,10754.0,4095.0,3888.0,0.0,0,0,0,0,0,0,0,0,0,0,0,0,0,0,0
2019-05-31,1040.0,1457.0,0.0,3146.0,2498.0,9001.0,0,0,0,0,0,0,0,0,0,0,0,0,0,0,0
2019-06-01,1551.0,3440.0,3495.0,2691.0,3726.0,11685.0,0,0,0,0,0,0,0,0,0,0,0,0,0,0,0
2019-06-02,1115.0,3025.0,0.0,0.0,0.0,0.0,0,0,0,0,0,0,0,0,0,0,0,0,0,0,0
2019-06-03,986.0,1645.0,0.0,3320.0,0.0,8246.0,0,0,0,0,0,0,0,0,0,0,0,0,0,0,0
2019-06-04,663.0,2048.0,8618.0,4086.0,2967.0,10592.0,0,0,0,0,0,0,0,0,0,0,0,0,0,0,0
2019-06-05,454.0,1648.0,2425.0,4152.0,2915.0,9642.0,0,0,0,0,0,0,0,0,0,0,0,0,0,0,0
2019-06-06,531.0,0.0,5402.0,4001.0,0.0,0.0,0,0,0,0,0,0,0,0,0,0,0,0,0,0,0
2019-06-07,909.0,1991.0,8014.0,0.0,3301.0,2648.0,0,0,0,0,0,0,0,0,0,0,0,0,0,0,0
2019-06-08,1627.0,1730.0,8809.0,3187.0,1505.0,7718.0,0,0,0,0,0,0,0,0,0,0,0,0,0,0,0
2019-06-09,1511.0,1604.0,3102.0,4256.0,2333.0,8632.0,0,0,0,0,0,0,0,0,0,0,0,0,0,0,0
2019-06-10,1163.0,1959.0,2660.0,4248.0,2176.0,3291.0,0,0,0,0,0,0,0,0,0,0,0,0,0,0,0
2019-06-11,500.0,902.0,0.0,4090.0,2266.0,0.0,0,0,0,0,0,0,0,0,0,0,0,0,0,0,0
2019-06-12,410.0,2112.0,0.0,4453.0,3981.0,6461.0,0,0,0,0,0,0,0,0,0,0,0,0,0,0,0
2019-06-13,584.0,2147.0,6832.0,4313.0,0.0,7553.0,0,0,0,0,0,0,0,0,0,0,0,0,0,0,0
2019-06-14,1004.0,1862.0,0.0,4137.0,2316.0,2644.0,0,0,0,0,0,0,0,0,0,0,0,0,0,0,0
2019-06-15,1435.0,0.0,6435.0,3665.0,2839.0,6999.0,0,0,0,0,0,0,0,0,0,0,0,0,0,0,0
2019-06-16,1455.0,1655.0,3269.0,4024.0,0.0,0.0,0,0,0,0,0,0,0,0,0,0,0,0,0,0,0
2019-06-17,1270.0,2096.0,4000.0,4227.0,2282.0,11109.0,0,0,0,0,0,0,0,0,0,0,0,0,0,0,0
2019-06-18,673.0,1931.0,6811.0,4004.0,1673.0,9557.0,0,0,0,0,0,0,0,0,0,0,0,0,0,0,0
2019-06-19,416.0,913.0,0.0,3570.0,840.0,10504.0,0,0,0,0,0,0,0,0,0,0,0,0,0,0,0
2019-06-20,547.0,1916.0,0.0,0.0,0.0,11562.0,0,0,0,0,0,0,0,0,0,0,0,0,0,0,0
2019-06-21,928.0,1828.0,4206.0,0.0,1786.0,0.0,0,0,0,0,0,0,0,0,0,0,0,0,0,0,0
2019-06-22,1494.0,2770.0,5850.0,3571.0,583.0,0.0,0,0,0,0,0,0,0,0,0,0,0,0,0,0,0
2019-06-23,1758.0,2488.0,0.0,3868.0,3425.0,2189.0,0,0,0,0,0,0,0,0,0,0,0,0,0,0,0
2019-06-24,1288.0,0.0,7440.0,4317.0,0.0,8648.0,0,0,0,0,0,0,0,0,0,0,0,0,0,0,0
2019-06-25,665.0,1261.0,0.0,3373.0,2444.0,8142.0,0,0,0,0,0,0,0,0,0,0,0,0,0,0,0
2019-06-26,488.0,2633.0,0.0,4352.0,3361.0,5279.0,0,0,0,0,0,0,0,0,0,0,0,0,0,0,0
2019-06-27,757.0,1565.0,3618.0,3447.0,2797.0,10321.0,0,0,0,0,0,0,0,0,0,0,0,0,0,0,0
2019-06-28,959.0,2339.0,2869.0,0.0,2369.0,4529.0,0,0,0,0,0,0,0,0,0,0,0,0,0,0,0
2019-06-29,1616.0,1562.0,7013.0,4415.0,0.0,0.0,0,0,0,0,0,0,0,0,0,0,0,0,0,0,0
2019-06-30,1934.0,2414.0,3639.0,3601.0,2906.0,7917.0,0,0,0,0,0,0,0,0,0,0,0,0,0,0,0
2019-07-01,1374.0,0.0,6654.0,3911.0,1592.0,9751.0,0,0,0,0,0,0,0,0,0,0,0,0,0,0,0
2019-07-02,711.0,2947.0,4715.0,3233.0,0.0,5479.0,0,0,0,0,0,0,0,0,0,0,0,0,0,0,0
2019-07-03,496.0,1950.0,0.0,3846.0,1351.0,0.0,0,0,0,0,0,0,0,0,0,0,0,0,0,0,0
2019-07-04,738.0,1760.0,4344.0,3974.0,2253.0,0.0,0,0,0,0,1,0,0,0,0,0,0,0,0,0,0
2019-07-05,1410.0,1138.0,1855.0,3862.0,2639.0,12569.0,0,0,0,0,0,0,0,0,0,0,0,0,0,0,0
2019-07-06,1983.0,0.0,4511.0,4355.0,2770.0,9619.0,0,0,0,0,0,0,0,0,0,0,0,0,0,0,0
2019-07-07,1617.0,0.0,0.0,0.0,1056.0,8025.0,0,0,0,0,0,0,0,0,0,0,0,0,0,0,0
2019-07-08,1607.0,1647.0,7686.0,3473.0,1913.0,6899.0,0,0,0,0,0,0,0,0,0,0,0,0,0,0,0
2019-07-09,737.0,2206.0,2058.0,0.0,1728.0,13582.0,0,0,0,0,0,0,0,0,0,0,0,0,0,0,0
2019-07-10,561.0,1062.0,5559.0,4931.0,0.0,5968.0,0,0,0,0,0,0,0,0,0,0,0,0,0,0,0
2019-07-11,798.0,0.0,3126.0,3923.0,3310.0,7635.0,0,0,0,0,0,0,0,0,0,0,0,0,0,0,0
2019-07-12,1613.0,1384.0,8069.0,4797.0,4182.0,2723.0,0,0,0,0,0,0,0,0,0,0,0,0,0,0,0
2019-07-13,1777.0,2525.0,4745.0,3379.0,2819.0,0.0,0,0,0,0,0,0,0,0,0,0,0,0,0,0,0
2019-07-14,2033.0,0.0,2778.0,3958.0,2247.0,13578.0,0,0,0,0,0,0,0,0,0,0,0,0,0,0,0
2019-07-15,1356.0,2552.0,3462.0,0.0,0.0,4327.0,0,0,0,0,0,0,0,0,0,0,0,0,0,0,0
2019-07-16,668.0,1124.0,4710.0,3259.0,0.0,4436.0,0,0,0,0,0,0,0,0,0,0,0,0,0,0,0
2019-07-17,549.0,0.0,5900.0,4023.0,4765.0,0.0,0,0,0,0,0,0,0,0,0,0,0,0,0,0,0
2019-07-18,710.0,2052.0,0.0,0.0,5404.0,12161.0,0,0,0,0,0,0,0,0,0,0,0,0,0,0,0
2019-07-19,1347.0,0.0,0.0,2950.0,2923.0,13173.0,0,0,0,0,0,0,0,0,0,0,0,0,0,0,0
2019-07-20,2256.0,2041.0,6434.0,3979.0,3105.0,10142.0,0,0,0,0,0,0,0,0,0,0,0,0,0,0,0
2019-07-21,2236.0,2166.0,5236.0,4135.0,3052.0,10850.0,0,0,0,0,0,0,0,0,0,0,0,0,0,0,0
2019-07-22,1575.0,1851.0,3182.0,4049.0,1794.0,8148.0,0,0,0,0,0,0,0,0,0,0,0,0,0,0,0
2019-07-23,630.0,2134.0,0.0,0.0,0.0,10868.0,0,0,0,0,0,0,0,0,0,0,0,0,0,0,0
2019-07-24,482.0,2247.0,5636.0,0.0,1453.0,9711.0,0,0,0,0,0,0,0,0,0,0,0,0,0,0,0
2019-07-25,725.0,1402.0,8252.0,0.0,1960.0,0.0,0,0,0,0,0,0,0,0,0,0,0,0,0,0,0
2019-07-26,1137.0,0.0,4788.0,0.0,3563.0,0.0,0,0,0,0,0,0,0,0,0,0,0,0,0,0,0
2019-07-27,1664.0,1173.0,5916.0,0.0,1439.0,0.0,0,0,0,0,0,0,0,0,0,0,0,0,0,0,0
2019-07-28,2315.0,0.0,6017.0,3689.0,3063.0,8999.0,0,0,0,0,0,0,0,0,0,0,0,0,0,0,0
2019-07-29,1428.0,1851.0,4857.0,3438.0,0.0,9070.0,0,0,0,0,0,0,0,0,0,0,0,0,0,0,0
2019-07-30,820.0,0.0,6772.0,4273.0,1864.0,2145.0,0,0,0,0,0,0,0,0,0,0,0,0,0,0,0
2019-07-31,465.0,0.0,0.0,4089.0,0.0,0.0,0,0,0,0,0,0,0,0,0,0,0,0,0,0,0
2019-08-01,840.0,0.0,5327.0,4048.0,2130.0,11027.0,0,0,0,0,0,0,0,0,0,0,0,0,0,0,0
2019-08-02,1223.0,0.0,5481.0,0.0,2369.0,0.0,0,0,0,0,0,0,0,0,0,0,0,0,0,0,0
2019-08-03,1599.0,1801.0,7005.0,0.0,1779.0,0.0,0,0,0,0,0,0,0,0,0,0,0,0,0,0,0
2019-08-04,1680.0,0.0,0.0,0.0,2703.0,9465.0,0,0,0,0,0,0,0,0,0,0,0,0,0,0,0
2019-08-05,1726.0,0.0,5136.0,4157.0,3901.0,10697.0,0,0,0,0,0,0,0,0,0,0,0,0,0,0,0
2019-08-06,706.0,2197.0,0.0,4101.0,3507.0,0.0,0,0,0,0,0,0,0,0,0,0,0,0,0,0,0
2019-08-07,615.0,934.0,3231.0,4393.0,2316.0,11745.0,0,0,0,0,0,0,0,0,0,0,0,0,0,0,0
2019-08-08,872.0,2482.0,4824.0,4127.0,2396.0,0.0,0,0,0,0,0,0,0,0,0,0,0,0,0,0,0
2019-08-09,1300.0,2143.0,4652.0,3872.0,2114.0,0.0,0,0,0,0,0,0,0,0,0,0,0,0,0,0,0
2019-08-10,1837.0,944.0,5449.0,3884.0,0.0,11601.0,0,0,0,0,0,0,0,0,0,0,0,0,0,0,0
2019-08-11,2149.0,1711.0,7475.0,4919.0,0.0,8503.0,0,0,0,0,0,0,0,0,0,0,0,0,0,0,0
2019-08-12,1795.0,2065.0,0.0,3896.0,3315.0,17715.0,0,0,0,0,0,0,0,0,0,0,0,0,0,0,0
2019-08-13,799.0,2067.0,5307.0,3953.0,1587.0,5424.0,0,0,0,0,0,0,0,0,0,0,0,0,0,0,0
2019-08-14,478.0,2400.0,6500.0,2518.0,0.0,0.0,0,0,0,0,0,0,0,0,0,0,0,0,0,0,0
2019-08-15,849.0,1897.0,2364.0,4411.0,4373.0,7568.0,0,0,0,0,0,0,0,0,0,0,0,0,0,0,0
2019-08-16,1441.0,1860.0,7429.0,3625.0,3803.0,8147.0,0,0,0,0,0,0,0,0,0,0,0,0,0,0,0
2019-08-17,1622.0,1975.0,9505.0,0.0,1011.0,0.0,0,0,0,0,0,0,0,0,0,0,0,0,0,0,0
2019-08-18,2008.0,0.0,3773.0,4307.0,2684.0,10981.0,0,0,0,0,0,0,0,0,0,0,0,0,0,0,0
2019-08-19,1241.0,1163.0,3658.0,0.0,1212.0,6844.0,0,0,0,0,0,0,0,0,0,0,0,0,0,0,0
2019-08-20,603.0,1824.0,4652.0,0.0,2808.0,3234.0,0,0,0,0,0,0,0,0,0,0,0,0,0,0,0
2019-08-21,488.0,0.0,8162.0,4766.0,2345.0,10621.0,0,0,0,0,0,0,0,0,0,0,0,0,0,0,0
2019-08-22,792.0,1702.0,5327.0,3827.0,1729.0,10720.0,0,0,0,0,0,0,0,0,0,0,0,0,0,0,0
2019-08-23,1192.0,0.0,0.0,3461.0,1588.0,0.0,0,0,0,0,0,0,0,0,0,0,0,0,0,0,0
2019-08-24,1533.0,1596.0,0.0,3732.0,2985.0,0.0,0,0,0,0,0,0,0,0,0,0,0,0,0,0,0
2019-08-25,2186.0,2779.0,7104.0,4316.0,3265.0,6983.0,0,0,0,0,0,0,0,0,0,0,0,0,0,0,0
2019-08-26,1141.0,1775.0,0.0,0.0,0.0,11713.0,0,0,0,0,0,0,0,0,0,0,0,0,0,0,0
2019-08-27,604.0,2206.0,1819.0,0.0,0.0,7128.0,0,0,0,0,0,0,0,0,0,0,0,0,0,0,0
2019-08-28,437.0,2917.0,0.0,3762.0,0.0,11898.0,0,0,0,0,0,0,0,0,0,0,0,0,0,0,0
2019-08-29,669.0,2815.0,0.0,4471.0,0.0,10963.0,0,0,0,0,0,0,0,0,0,0,0,0,0,0,0
2019-08-30,1144.0,2835.0,1961.0,3504.0,2231.0,5720.0,0,0,0,0,0,0,0,0,0,0,0,0,0,0,0
2019-08-31,1815.0,2887.0,6634.0,4234.0,2594.0,8351.0,0,0,0,0,0,0,0,0,0,0,0,0,0,0,0
2019-09-01,1579.0,2858.0,3401.0,0.0,0.0,12124.0,0,0,0,0,0,0,0,0,0,0,0,0,0,0,0
2019-09-02,904.0,0.0,0.0,3302.0,1665.0,4280.0,0,0,0,0,0,1,0,0,0,0,0,0,0,0,0
2019-09-03,559.0,1140.0,5084.0,0.0,4104.0,4244.0,0,0,0,0,0,0,0,0,0,0,0,0,0,0,0
2019-09-04,466.0,1913.0,5902.0,3842.0,2767.0,0.0,0,0,0,0,0,0,0,0,0,0,0,0,0,0,0
2019-09-05,716.0,2123.0,4608.0,4599.0,4004.0,8190.0,0,0,0,0,0,0,0,0,0,0,0,0,0,0,0
2019-09-06,942.0,0.0,3852.0,0.0,0.0,8541.0,0,0,0,0,0,0,0,0,0,0,0,0,0,0,0
2019-09-07,1262.0,2085.0,5769.0,3836.0,0.0,0.0,0,0,0,0,0,0,0,0,0,0,0,0,0,0,0
2019-09-08,1252.0,2964.0,0.0,0.0,0.0,4224.0,0,0,0,0,0,0,0,0,0,0,0,0,0,0,0
2019-09-09,1540.0,2204.0,3553.0,4526.0,2772.0,11521.0,0,0,0,0,0,0,0,0,0,0,0,0,0,0,0
2019-09-10,586.0,2149.0,0.0,3326.0,3865.0,0.0,0,0,0,0,0,0,0,0,0,0,0,0,0,0,0
2019-09-11,434.0,2475.0,1005.0,4179.0,1227.0,2416.0,0,0,0,0,0,0,0,0,0,0,0,0,0,0,0
2019-09-12,637.0,2700.0,3639.0,0.0,4070.0,6226.0,0,0,0,0,0,0,0,0,0,0,0,0,0,0,0
2019-09-13,1124.0,3051.0,0.0,4583.0,3831.0,0.0,0,0,0,0,0,0,0,0,0,0,0,0,0,0,0
2019-09-14,1287.0,0.0,6848.0,4119.0,1601.0,0.0,0,0,0,0,0,0,0,0,0,0,0,0,0,0,0
2019-09-15,1608.0,2271.0,4703.0,4081.0,1946.0,12812.0,0,0,0,0,0,0,0,0,0,0,0,0,0,0,0
2019-09-16,1017.0,0.0,5862.0,0.0,2320.0,4437.0,0,0,0,0,0,0,0,0,0,0,0,0,0,0,0
2019-09-17,555.0,2329.0,2736.0,0.0,5618.0,3944.0,0,0,0,0,0,0,0,0,0,0,0,0,0,0,0
2019-09-18,462.0,2033.0,6932.0,3138.0,2970.0,5948.0,0,0,0,0,0,0,0,0,0,0,0,0,0,0,0
2019-09-19,552.0,1337.0,5867.0,3612.0,2583.0,4371.0,0,0,0,0,0,0,0,0,0,0,0,0,0,0,0
2019-09-20,948.0,1614.0,302.0,3804.0,2579.0,0.0,0,0,0,0,0,0,0,0,0,0,0,0,0,0,0
2019-09-21,1421.0,2240.0,5933.0,3567.0,5470.0,4360.0,0,0,0,0,0,0,0,0,0,0,0,0,0,0,0
2019-09-22,1541.0,1912.0,3580.0,0.0,3666.0,9508.0,0,0,0,0,0,0,0,0,0,0,0,0,0,0,0
2019-09-23,1354.0,1644.0,7141.0,3757.0,2653.0,8933.0,0,0,0,0,0,0,0,0,0,0,0,0,0,0,0
2019-09-24,513.0,2276.0,4709.0,0.0,0.0,6507.0,0,0,0,0,0,0,0,0,0,0,0,0,0,0,0
2019-09-25,370.0,0.0,1781.0,3750.0,0.0,12776.0,0,0,0,0,0,0,0,0,0,0,0,0,0,0,0
2019-09-26,563.0,2477.0,0.0,4382.0,3082.0,0.0,0,0,0,0,0,0,0,0,0,0,0,0,0,0,0
2019-09-27,1015.0,0.0,2592.0,3683.0,0.0,6901.0,0,0,0,0,0,0,0,0,0,0,0,0,0,0,0
2019-09-28,1400.0,2040.0,0.0,4256.0,2901.0,6148.0,0,0,0,0,0,0,0,0,0,0,0,0,0,0,0
2019-09-29,1566.0,0.0,5546.0,0.0,3229.0,18609.0,0,0,0,0,0,0,0,0,0,0,0,0,0,0,0
2019-09-30,1185.0,1786.0,6791.0,3737.0,3438.0,7896.0,0,0,0,0,0,0,0,0,0,0,0,0,0,0,0
2019-10-01,559.0,1480.0,4384.0,3813.0,2517.0,3806.0,0,0,0,0,0,0,0,0,0,0,0,0,0,0,0
2019-10-02,410.0,2324.0,7661.0,3985.0,1865.0,3855.0,0,0,0,0,0,0,0,0,0,0,0,0,0,0,0
2019-10-03,514.0,0.0,8113.0,3634.0,0.0,3020.0,0,0,0,0,0,0,0,0,0,0,0,0,0,0,0
2019-10-04,902.0,3005.0,0.0,3130.0,0.0,0.0,0,0,0,0,0,0,0,0,0,0,0,0,0,0,0
2019-10-05,1666.0,1446.0,8503.0,4134.0,3265.0,17113.0,0,0,0,0,0,0,0,0,0,0,0,0,0,0,0
2019-10-06,1496.0,2420.0,5184.0,0.0,2108.0,6745.0,0,0,0,0,0,0,0,0,0,0,0,0,0,0,0
2019-10-07,1000.0,1994.0,3428.0,4157.0,2270.0,0.0,0,0,0,0,0,0,0,0,0,0,0,0,0,0,0
2019-10-08,630.0,0.0,4269.0,3415.0,2831.0,8150.0,0,0,0,0,0,0,0,0,0,0,0,0,0,0,0
2019-10-09,406.0,918.0,4710.0,3776.0,427.0,9352.0,0,0,0,0,0,0,0,0,0,0,0,0,0,0,0
2019-10-10,579.0,0.0,2741.0,3573.0,4260.0,13268.0,0,0,0,0,0,0,0,0,0,0,0,0,0,0,0
2019-10-11,965.0,1759.0,0.0,4426.0,2083.0,6783.0,0,0,0,0,0,0,0,0,0,0,0,0,0,0,0
2019-10-12,1217.0,0.0,6886.0,4140.0,1484.0,0.0,0,0,0,0,0,0,0,0,0,0,0,0,0,0,0
2019-10-13,1302.0,2044.0,3643.0,0.0,1190.0,6376.0,0,0,0,0,0,0,0,0,0,0,0,0,0,0,0
2019-10-14,836.0,2054.0,0.0,0.0,3413.0,8284.0,0,0,0,0,0,0,1,0,0,0,0,0,0,0,0
2019-10-15,571.0,2398.0,6336.0,0.0,2261.0,6903.0,0,0,0,0,0,0,0,0,0,0,0,0,0,0,0
2019-10-16,394.0,0.0,4810.0,3639.0,3540.0,0.0,0,0,0,0,0,0,0,0,0,0,0,0,0,0,0
2019-10-17,601.0,2831.0,0.0,3540.0,3627.0,9633.0,0,0,0,0,0,0,0,0,0,0,0,0,0,0,0
2019-10-18,1071.0,1684.0,2832.0,4101.0,4723.0,5402.0,0,0,0,0,0,0,0,0,0,0,0,0,0,0,0
2019-10-19,1235.0,1734.0,6374.0,0.0,0.0,11015.0,0,0,0,0,0,0,0,0,0,0,0,0,0,0,0
2019-10-20,1285.0,0.0,3100.0,0.0,3538.0,8208.0,0,0,0,0,0,0,0,0,0,0,0,0,0,0,0
2019-10-21,1278.0,1795.0,6773.0,3334.0,2437.0,7331.0,0,0,0,0,0,0,0,0,0,0,0,0,0,0,0
2019-10-22,675.0,2612.0,7418.0,3842.0,3427.0,15166.0,0,0,0,0,0,0,0,0,0,0,0,0,0,0,0
2019-10-23,415.0,0.0,0.0,3985.0,3942.0,3601.0,0,0,0,0,0,0,0,0,0,0,0,0,0,0,0
2019-10-24,518.0,1146.0,0.0,0.0,0.0,5784.0,0,0,0,0,0,0,0,0,0,0,0,0,0,0,0
2019-10-25,938.0,2116.0,0.0,4133.0,0.0,0.0,0,0,0,0,0,0,0,0,0,0,0,0,0,0,0
2019-10-26,1513.0,2509.0,6111.0,4818.0,2954.0,0.0,0,0,0,0,0,0,0,0,0,0,0,0,0,0,0
2019-10-27,1619.0,2113.0,0.0,4359.0,3065.0,12766.0,0,0,0,0,0,0,0,0,0,0,0,0,0,0,0
2019-10-28,1194.0,2493.0,0.0,3706.0,2866.0,10622.0,0,0,0,0,0,0,0,0,0,0,0,0,0,0,0
2019-10-29,548.0,0.0,2893.0,0.0,1285.0,5357.0,0,0,0,0,0,0,0,0,0,0,0,0,0,0,0
2019-10-30,383.0,0.0,0.0,3706.0,2187.0,0.0,0,0,0,0,0,0,0,0,0,0,0,0,0,0,0
2019-10-31,668.0,2741.0,4896.0,4696.0,3241.0,0.0,0,0,0,0,0,0,0,0,0,0,0,0,0,0,0
2019-11-01,861.0,0.0,5986.0,0.0,3067.0,0.0,0,0,0,0,0,0,0,0,0,0,0,0,0,0,0
2019-11-02,1502.0,1728.0,2358.0,3570.0,2077.0,5440.0,0,0,0,0,0,0,0,0,0,0,0,0,0,0,0
2019-11-03,1739.0,2118.0,0.0,2789.0,2184.0,9323.0,0,0,0,0,0,0,0,0,0,0,0,0,0,0,0
2019-11-04,1384.0,1933.0,8718.0,0.0,4157.0,9766.0,0,0,0,0,0,0,0,0,0,0,0,0,0,0,0
2019-11-05,665.0,1480.0,2100.0,3796.0,3288.0,8996.0,0,0,0,0,0,0,0,0,0,0,0,0,0,0,0
2019-11-06,442.0,2175.0,5660.0,3345.0,0.0,3601.0,0,0,0,0,0,0,0,0,0,0,0,0,0,0,0
2019-11-07,616.0,1672.0,3806.0,0.0,3576.0,3427.0,0,0,0,0,0,0,0,0,0,0,0,0,0,0,0
2019-11-08,1143.0,2972.0,0.0,4314.0,2929.0,10727.0,0,0,0,0,0,0,0,0,0,0,0,0,0,0,0
2019-11-09,1311.0,3423.0,5192.0,0.0,2172.0,0.0,0,0,0,0,0,0,0,0,0,0,0,0,0,0,0
2019-11-10,1522.0,1252.0,184.0,4552.0,0.0,5378.0,0,0,0,0,0,0,0,0,0,0,0,0,0,0,0
2019-11-11,811.0,1365.0,4759.0,0.0,0.0,6033.0,0,0,0,0,0,0,0,1,0,0,0,0,0,0,0
2019-11-12,759.0,2317.0,939.0,3784.0,2659.0,15644.0,0,0,0,0,0,0,0,0,0,0,0,0,0,0,0
2019-11-13,474.0,1773.0,6460.0,3141.0,2127.0,8812.0,0,0,0,0,0,0,0,0,0,0,0,0,0,0,0
2019-11-14,594.0,1279.0,7025.0,0.0,3594.0,2147.0,0,0,0,0,0,0,0,0,0,0,0,0,0,0,0
2019-11-15,1341.0,0.0,9496.0,4088.0,3028.0,9487.0,0,0,0,0,0,0,0,0,0,0,0,0,0,0,0
2019-11-16,1442.0,1436.0,0.0,3332.0,3027.0,0.0,0,0,0,0,0,0,0,0,0,0,0,0,0,0,0
2019-11-17,1456.0,2598.0,526.0,0.0,1796.0,7851.0,0,0,0,0,0,0,0,0,0,0,0,0,0,0,0
2019-11-18,1277.0,1863.0,4858.0,0.0,4396.0,11733.0,0,0,0,0,0,0,0,0,0,0,0,0,0,0,0
2019-11-19,590.0,1921.0,0.0,4307.0,0.0,7046.0,0,0,0,0,0,0,0,0,0,0,0,0,0,0,0
2019-11-20,458.0,0.0,1226.0,3567.0,2996.0,7405.0,0,0,0,0,0,0,0,0,0,0,0,0,0,0,0
2019-11-21,725.0,2422.0,0.0,4324.0,3546.0,11550.0,0,0,0,0,0,0,0,0,0,0,0,0,0,0,0
2019-11-22,1336.0,0.0,7136.0,4280.0,4473.0,6221.0,0,0,0,0,0,0,0,0,0,0,0,0,0,0,0
2019-11-23,1569.0,1153.0,5454.0,4173.0,1386.0,3774.0,0,0,0,0,0,0,0,0,0,0,0,0,0,0,0
2019-11-24,1927.0,0.0,5295.0,3911.0,2770.0,7809.0,0,0,0,0,0,0,0,0,0,0,0,0,0,0,0
2019-11-25,1101.0,0.0,3481.0,0.0,2314.0,6125.0,0,0,0,0,0,0,0,0,0,0,0,0,0,0,0
2019-11-26,779.0,1541.0,8825.0,3652.0,3527.0,7249.0,0,0,0,0,0,0,0,0,0,0,0,0,0,0,0
2019-11-27,534.0,2059.0,3470.0,4625.0,2775.0,10344.0,0,0,0,0,0,0,0,0,0,0,0,0,0,0,0
2019-11-28,580.0,1834.0,0.0,3591.0,2396.0,6671.0,0,0,0,0,0,0,0,0,1,0,0,0,0,0,0
2019-11-29,954.0,1554.0,5336.0,0.0,0.0,4443.0,0,0,0,0,0,0,0,0,0,0,0,0,0,0,0
2019-11-30,1392.0,2759.0,0.0,0.0,3396.0,0.0,0,0,0,0,0,0,0,0,0,0,0,0,0,0,0
2019-12-01,1726.0,2426.0,8749.0,4171.0,0.0,0.0,0,0,0,0,0,0,0,0,0,0,0,0,0,0,0
2019-12-02,1386.0,2118.0,4313.0,3358.0,3081.0,2728.0,0,0,0,0,0,0,0,0,0,0,0,0,0,0,0
2019-12-03,614.0,2713.0,6525.0,0.0,0.0,15866.0,0,0,0,0,0,0,0,0,0,0,0,0,0,0,0
2019-12-04,349.0,1175.0,1427.0,3902.0,0.0,0.0,0,0,0,0,0,0,0,0,0,0,0,0,0,0,0
2019-12-05,695.0,1382.0,0.0,3807.0,2803.0,6963.0,0,0,0,0,0,0,0,0,0,0,0,0,0,0,0
2019-12-06,1095.0,0.0,0.0,4727.0,3038.0,0.0,0,0,0,0,0,0,0,0,0,0,0,0,0,0,0
2019-12-07,1591.0,0.0,0.0,3609.0,1776.0,10182.0,0,0,0,0,0,0,0,0,0,0,0,0,0,0,0
2019-12-08,1407.0,2207.0,3316.0,0.0,0.0,9522.0,0,0,0,0,0,0,0,0,0,0,0,0,0,0,0
2019-12-09,1169.0,522.0,10197.0,0.0,1800.0,5427.0,0,0,0,0,0,0,0,0,0,0,0,0,0,0,0
2019-12-10,649.0,2397.0,0.0,3213.0,4331.0,9266.0,0,0,0,0,0,0,0,0,0,0,0,0,0,0,0
2019-12-11,477.0,1392.0,0.0,3800.0,3730.0,4574.0,0,0,0,0,0,0,0,0,0,0,0,0,0,0,0
2019-12-12,673.0,0.0,6493.0,3873.0,0.0,11358.0,0,0,0,0,0,0,0,0,0,0,0,0,0,0,0
2019-12-13,1101.0,2250.0,2444.0,0.0,3158.0,11030.0,0,0,0,0,0,0,0,0,0,0,0,0,0,0,0
2019-12-14,1340.0,807.0,56.0,3261.0,1621.0,0.0,0,0,0,0,0,0,0,0,0,0,0,0,0,0,0
2019-12-15,1256.0,0.0,0.0,3460.0,0.0,0.0,0,0,0,0,0,0,0,0,0,0,0,0,0,0,0
2019-12-16,1205.0,3030.0,3397.0,0.0,3158.0,8111.0,0,0,0,0,0,0,0,0,0,0,0,0,0,0,0
2019-12-17,635.0,1931.0,0.0,3905.0,3872.0,0.0,0,0,0,0,0,0,0,0,0,0,0,0,0,0,0
2019-12-18,462.0,2019.0,9057.0,3153.0,3900.0,0.0,0,0,0,0,0,0,0,0,0,0,0,0,0,0,0
2019-12-19,648.0,2432.0,5015.0,3895.0,3616.0,0.0,0,0,0,0,0,0,0,0,0,0,0,0,0,0,0
2019-12-20,929.0,1615.0,2608.0,4113.0,0.0,0.0,0,0,0,0,0,0,0,0,0,0,0,0,0,0,0
2019-12-21,1519.0,1275.0,6373.0,3274.0,2771.0,9222.0,0,0,0,0,0,0,0,0,0,0,0,0,0,0,0
2019-12-22,1414.0,1864.0,0.0,0.0,3558.0,7914.0,0,0,0,0,0,0,0,0,0,0,0,0,0,0,0
2019-12-23,1123.0,2110.0,8331.0,3162.0,0.0,6844.0,0,0,0,0,0,0,0,0,0,0,0,0,0,0,0
2019-12-24,578.0,1461.0,5372.0,3523.0,3240.0,0.0,0,0,0,0,0,0,0,0,0,0,0,0,0,0,0
2019-12-25,407.0,1844.0,0.0,3438.0,0.0,0.0,0,0,0,0,0,0,0,0,0,1,0,0,0,0,0
2019-12-26,641.0,1476.0,6609.0,4505.0,3107.0,11247.0,0,0,0,0,0,0,0,0,0,0,0,0,0,0,0
2019-12-27,1030.0,805.0,3408.0,3030.0,2528.0,11192.0,0,0,0,0,0,0,0,0,0,0,0,0,0,0,0
2019-12-28,1342.0,1250.0,3896.0,3119.0,4236.0,0.0,0,0,0,0,0,0,0,0,0,0,0,0,0,0,0
2019-12-29,1648.0,1851.0,0.0,4325.0,5099.0,8226.0,0,0,0,0,0,0,0,0,0,0,0,0,0,0,0
2019-12-30,1173.0,0.0,5573.0,4618.0,3096.0,6814.0,0,0,0,0,0,0,0,0,0,0,0,0,0,0,0
2019-12-31,618.0,2141.0,7109.0,3060.0,2242.0,7175.0,0,0,0,0,0,0,0,0,0,0,0,0,0,0,0
2020-01-01,518.0,1690.0,3601.0,0.0,0.0,9725.0,1,0,0,0,0,0,0,0,0,0,0,0,0,0,0
2020-01-02,630.0,2115.0,5355.0,4435.0,3120.0,8126.0,0,0,0,0,0,0,0,0,0,0,0,0,0,0,0
2020-01-03,757.0,0.0,0.0,0.0,1799.0,3558.0,0,0,0,0,0,0,0,0,0,0,0,0,0,0,0
2020-01-04,1304.0,801.0,6540.0,0.0,3406.0,2377.0,0,0,0,0,0,0,0,0,0,0,0,0,0,0,0
2020-01-05,1399.0,1372.0,0.0,3457.0,3719.0,0.0,0,0,0,0,0,0,0,0,0,0,0,0,0,0,0
2020-01-06,1267.0,1813.0,5547.0,3181.0,2581.0,8693.0,0,0,0,0,0,0,0,0,0,0,0,0,0,0,0
2020-01-07,533.0,0.0,5337.0,0.0,2542.0,13365.0,0,0,0,0,0,0,0,0,0,0,0,0,0,0,0
2020-01-08,407.0,2204.0,4241.0,3869.0,0.0,6002.0,0,0,0,0,0,0,0,0,0,0,0,0,0,0,0
2020-01-09,542.0,2427.0,0.0,2671.0,4197.0,2003.0,0,0,0,0,0,0,0,0,0,0,0,0,0,0,0
2020-01-10,823.0,0.0,4876.0,4852.0,0.0,0.0,0,0,0,0,0,0,0,0,0,0,0,0,0,0,0
2020-01-11,1291.0,1958.0,0.0,3484.0,3605.0,0.0,0,0,0,0,0,0,0,0,0,0,0,0,0,0,0
2020-01-12,1303.0,0.0,0.0,3723.0,0.0,11183.0,0,0,0,0,0,0,0,0,0,0,0,0,0,0,0
2020-01-13,1026.0,0.0,2702.0,3873.0,4195.0,0.0,0,0,0,0,0,0,0,0,0,0,0,0,0,0,0
2020-01-14,443.0,2566.0,0.0,0.0,0.0,4895.0,0,0,0,0,0,0,0,0,0,0,0,0,0,0,0
2020-01-15,392.0,1530.0,4919.0,3387.0,3214.0,13428.0,0,0,0,0,0,0,0,0,0,0,0,0,0,0,0
2020-01-16,598.0,1846.0,0.0,4463.0,4748.0,12272.0,0,0,0,0,0,0,0,0,0,0,0,0,0,0,0
2020-01-17,843.0,0.0,5411.0,0.0,2888.0,3047.0,0,0,0,0,0,0,0,0,0,0,0,0,0,0,0
2020-01-18,1212.0,1759.0,2667.0,3085.0,4077.0,0.0,0,0,0,0,0,0,0,0,0,0,0,0,0,0,0
2020-01-19,1287.0,2448.0,5096.0,3642.0,0.0,2539.0,0,0,0,0,0,0,0,0,0,0,0,0,0,0,0
2020-01-20,1089.0,1622.0,3759.0,2962.0,3982.0,0.0,0,1,0,0,0,0,0,0,0,0,0,0,0,0,0
2020-01-21,514.0,1941.0,2501.0,0.0,2169.0,11838.0,0,0,0,0,0,0,0,0,0,0,0,0,0,0,0
2020-01-22,383.0,2218.0,5476.0,3374.0,0.0,8904.0,0,0,0,0,0,0,0,0,0,0,0,0,0,0,0
2020-01-23,524.0,0.0,6537.0,0.0,2685.0,3988.0,0,0,0,0,0,0,0,0,0,0,0,0,0,0,0
2020-01-24,962.0,2416.0,4897.0,3657.0,2994.0,0.0,0,0,0,0,0,0,0,0,0,0,0,0,0,0,0
2020-01-25,1460.0,1900.0,7893.0,4133.0,4170.0,9240.0,0,0,0,0,0,0,0,0,0,0,0,0,0,0,0
2020-01-26,1192.0,1169.0,0.0,3350.0,0.0,0.0,0,0,0,0,0,0,0,0,0,0,0,0,0,0,0
2020-01-27,1144.0,0.0,3947.0,4633.0,2707.0,12875.0,0,0,0,0,0,0,0,0,0,0,0,0,0,0,0
2020-01-28,597.0,2290.0,0.0,5080.0,3228.0,5492.0,0,0,0,0,0,0,0,0,0,0,0,0,0,0,0
2020-01-29,359.0,2393.0,906.0,0.0,1536.0,8828.0,0,0,0,0,0,0,0,0,0,0,0,0,0,0,0
2020-01-30,480.0,2650.0,7820.0,0.0,0.0,5267.0,0,0,0,0,0,0,0,0,0,0,0,0,0,0,0
2020-01-31,929.0,0.0,0.0,4662.0,3345.0,0.0,0,0,0,0,0,0,0,0,0,0,0,0,0,0,0
2020-02-01,1299.0,2023.0,7303.0,0.0,1729.0,7841.0,0,0,0,0,0,0,0,0,0,0,0,0,0,0,0
2020-02-02,1352.0,2558.0,0.0,3390.0,2796.0,0.0,0,0,0,0,0,0,0,0,0,0,0,0,0,0,0
2020-02-03,992.0,1716.0,8698.0,0.0,1963.0,6278.0,0,0,0,0,0,0,0,0,0,0,0,0,0,0,0
2020-02-04,461.0,0.0,0.0,0.0,2364.0,12627.0,0,0,0,0,0,0,0,0,0,0,0,0,0,0,0
2020-02-05,345.0,0.0,0.0,3439.0,3502.0,2190.0,0,0,0,0,0,0,0,0,0,0,0,0,0,0,0
2020-02-06,589.0,1127.0,6634.0,4190.0,2940.0,0.0,0,0,0,0,0,0,0,0,0,0,0,0,0,0,0
2020-02-07,1182.0,3460.0,9975.0,3772.0,0.0,7763.0,0,0,0,0,0,0,0,0,0,0,0,0,0,0,0
2020-02-08,1229.0,0.0,5902.0,0.0,0.0,10553.0,0,0,0,0,0,0,0,0,0,0,0,0,0,0,0
2020-02-09,1357.0,2551.0,0.0,3838.0,0.0,7607.0,0,0,0,0,0,0,0,0,0,0,0,0,0,0,0
2020-02-10,1173.0,2313.0,5876.0,3860.0,0.0,0.0,0,0,0,0,0,0,0,0,0,0,0,0,0,0,0
2020-02-11,539.0,913.0,9215.0,3658.0,0.0,9596.0,0,0,0,0,0,0,0,0,0,0,0,0,0,0,0
2020-02-12,374.0,2073.0,0.0,3936.0,0.0,10038.0,0,0,0,0,0,0,0,0,0,0,0,0,0,0,0
2020-02-13,654.0,628.0,4476.0,3687.0,4187.0,0.0,0,0,0,0,0,0,0,0,0,0,0,0,0,0,0
2020-02-14,1198.0,1258.0,5818.0,3826.0,4673.0,12100.0,0,0,0,0,0,0,0,0,0,0,0,0,0,0,0
2020-02-15,1804.0,2711.0,8128.0,3298.0,4232.0,11301.0,0,0,0,0,0,0,0,0,0,0,0,0,0,0,0
2020-02-16,1648.0,1695.0,7470.0,4063.0,3041.0,2677.0,0,0,0,0,0,0,0,0,0,0,0,0,0,0,0
2020-02-17,1157.0,2572.0,3838.0,0.0,0.0,4807.0,0,0,1,0,0,0,0,0,0,0,0,0,0,0,0
2020-02-18,621.0,0.0,4443.0,3317.0,3800.0,0.0,0,0,0,0,0,0,0,0,0,0,0,0,0,0,0
2020-02-19,389.0,2935.0,2433.0,3362.0,2591.0,0.0,0,0,0,0,0,0,0,0,0,0,0,0,0,0,0
2020-02-20,796.0,2168.0,4460.0,3976.0,2708.0,11780.0,0,0,0,0,0,0,0,0,0,0,0,0,0,0,0
2020-02-21,1251.0,3613.0,5623.0,3889.0,4018.0,6266.0,0,0,0,0,0,0,0,0,0,0,0,0,0,0,0
2020-02-22,1840.0,0.0,5302.0,4532.0,2231.0,6880.0,0,0,0,0,0,0,0,0,0,0,0,0,0,0,0
2020-02-23,1838.0,1845.0,4339.0,3843.0,1927.0,9728.0,0,0,0,0,0,0,0,0,0,0,0,0,0,0,0
2020-02-24,1297.0,1429.0,6457.0,0.0,4951.0,7495.0,0,0,0,0,0,0,0,0,0,0,0,0,0,0,0
2020-02-25,683.0,2174.0,7646.0,0.0,4670.0,6757.0,0,0,0,0,0,0,0,0,0,0,0,0,0,0,0
2020-02-26,524.0,1975.0,0.0,4009.0,3286.0,10270.0,0,0,0,0,0,0,0,0,0,0,0,0,0,0,0
2020-02-27,720.0,0.0,9705.0,4233.0,0.0,4930.0,0,0,0,0,0,0,0,0,0,0,0,0,0,0,0
2020-02-28,1018.0,2397.0,0.0,0.0,1957.0,0.0,0,0,0,0,0,0,0,0,0,0,0,0,0,0,0
2020-02-29,1730.0,1874.0,2284.0,4156.0,0.0,7750.0,0,0,0,0,0,0,0,0,0,0,0,0,0,0,0
2020-03-01,1874.0,0.0,3017.0,3863.0,4387.0,0.0,0,0,0,0,0,0,0,0,0,0,0,0,0,0,0
2020-03-02,1413.0,1736.0,7148.0,0.0,1699.0,10985.0,0,0,0,0,0,0,0,0,0,0,0,0,0,0,0
2020-03-03,730.0,2169.0,3508.0,4424.0,3587.0,0.0,0,0,0,0,0,0,0,0,0,0,0,0,0,0,0
2020-03-04,546.0,2172.0,1847.0,4309.0,3804.0,0.0,0,0,0,0,0,0,0,0,0,0,0,0,0,0,0
2020-03-05,812.0,1803.0,8247.0,4052.0,1865.0,4467.0,0,0,0,0,0,0,0,0,0,0,0,0,0,0,0
2020-03-06,1111.0,2006.0,5221.0,0.0,2877.0,6431.0,0,0,0,0,0,0,0,0,0,0,0,0,0,0,0
2020-03-07,1674.0,1252.0,8562.0,0.0,2580.0,7179.0,0,0,0,0,0,0,0,0,0,0,0,0,0,0,0
2020-03-08,1758.0,2646.0,10757.0,0.0,3483.0,0.0,0,0,0,0,0,0,0,0,0,0,0,0,0,0,0
2020-03-09,1372.0,1937.0,11032.0,0.0,0.0,6613.0,0,0,0,0,0,0,0,0,0,0,0,0,0,0,0
2020-03-10,752.0,2279.0,0.0,2920.0,4713.0,6727.0,0,0,0,0,0,0,0,0,0,0,0,0,0,0,0
2020-03-11,421.0,0.0,1391.0,2702.0,0.0,0.0,0,0,0,0,0,0,0,0,0,0,0,0,0,0,0
2020-03-12,794.0,1555.0,738.0,3952.0,2564.0,0.0,0,0,0,0,0,0,0,0,0,0,0,0,0,0,0
2020-03-13,1496.0,1942.0,8859.0,3898.0,3938.0,0.0,0,0,0,0,0,0,0,0,0,0,0,0,0,0,0
2020-03-14,1843.0,0.0,0.0,3481.0,551.0,4709.0,0,0,0,0,0,0,0,0,0,0,0,0,0,0,0
2020-03-15,1732.0,1094.0,0.0,0.0,0.0,10898.0,0,0,0,0,0,0,0,0,0,0,0,0,0,0,0
2020-03-16,1406.0,2334.0,8774.0,0.0,0.0,0.0,0,0,0,0,0,0,0,0,0,0,0,0,0,0,0
2020-03-17,953.0,2319.0,3192.0,3334.0,2770.0,11119.0,0,0,0,0,0,0,0,0,0,0,0,0,0,0,0
2020-03-18,573.0,1890.0,3935.0,3317.0,2584.0,6257.0,0,0,0,0,0,0,0,0,0,0,0,0,0,0,0
2020-03-19,821.0,1579.0,0.0,4516.0,1716.0,7667.0,0,0,0,0,0,0,0,0,0,0,0,0,0,0,0
2020-03-20,1344.0,0.0,8719.0,3383.0,2464.0,0.0,0,0,0,0,0,0,0,0,0,0,0,0,0,0,0
2020-03-21,2062.0,1886.0,7959.0,4137.0,3773.0,0.0,0,0,0,0,0,0,0,0,0,0,0,0,0,0,0
2020-03-22,1988.0,1475.0,7311.0,4125.0,0.0,0.0,0,0,0,0,0,0,0,0,0,0,0,0,0,0,0
2020-03-23,1638.0,0.0,2788.0,3568.0,1599.0,9755.0,0,0,0,0,0,0,0,0,0,0,0,0,0,0,0
2020-03-24,722.0,1617.0,0.0,4396.0,0.0,9312.0,0,0,0,0,0,0,0,0,0,0,0,0,0,0,0
2020-03-25,552.0,2203.0,6390.0,3483.0,0.0,10347.0,0,0,0,0,0,0,0,0,0,0,0,0,0,0,0
2020-03-26,785.0,0.0,5056.0,0.0,2383.0,7658.0,0,0,0,0,0,0,0,0,0,0,0,0,0,0,0
2020-03-27,1469.0,2462.0,3971.0,3964.0,3672.0,3705.0,0,0,0,0,0,0,0,0,0,0,0,0,0,0,0
2020-03-28,1974.0,2229.0,4399.0,4046.0,0.0,13376.0,0,0,0,0,0,0,0,0,0,0,0,0,0,0,0
2020-03-29,2159.0,2590.0,1032.0,4253.0,575.0,0.0,0,0,0,0,0,0,0,0,0,0,0,0,0,0,0
2020-03-30,1705.0,1252.0,11239.0,3714.0,1823.0,4329.0,0,0,0,0,0,0,0,0,0,0,0,0,0,0,0
2020-03-31,879.0,1084.0,5603.0,3646.0,1592.0,6610.0,0,0,0,0,0,0,0,0,0,0,0,0,0,0,0
2020-04-01,560.0,1965.0,0.0,3407.0,0.0,11629.0,0,0,0,0,0,0,0,0,0,0,0,0,0,0,0
2020-04-02,754.0,0.0,0.0,3762.0,1842.0,5999.0,0,0,0,0,0,0,0,0,0,0,0,0,0,0,0
2020-04-03,1276.0,489.0,0.0,3420.0,3843.0,0.0,0,0,0,0,0,0,0,0,0,0,0,0,0,0,0
2020-04-04,1928.0,1955.0,0.0,5055.0,0.0,11531.0,0,0,0,0,0,0,0,0,0,0,0,0,0,0,0
2020-04-05,2124.0,2321.0,4418.0,3799.0,1909.0,7169.0,0,0,0,0,0,0,0,0,0,0,0,0,0,0,0
2020-04-06,1527.0,0.0,4415.0,3225.0,3439.0,2638.0,0,0,0,0,0,0,0,0,0,0,0,0,0,0,0
2020-04-07,691.0,0.0,10196.0,0.0,1881.0,0.0,0,0,0,0,0,0,0,0,0,0,0,0,0,0,0
2020-04-08,508.0,0.0,5240.0,3450.0,2096.0,5049.0,0,0,0,0,0,0,0,0,0,0,0,0,0,0,0
2020-04-09,908.0,0.0,1332.0,4695.0,2816.0,10851.0,0,0,0,0,0,0,0,0,0,0,0,0,0,0,0
2020-04-10,1805.0,2011.0,5703.0,4086.0,3456.0,12240.0,0,0,0,0,0,0,0,0,0,0,0,0,0,0,0
2020-04-11,1995.0,1928.0,2583.0,3755.0,2764.0,6880.0,0,0,0,0,0,0,0,0,0,0,0,0,0,0,0
2020-04-12,2180.0,0.0,3678.0,4644.0,4007.0,3385.0,0,0,0,0,0,0,0,0,0,0,0,0,0,0,0
2020-04-13,1575.0,1745.0,3840.0,4534.0,2307.0,2474.0,0,0,0,0,0,0,0,0,0,0,0,0,0,0,0
2020-04-14,949.0,2130.0,4898.0,3371.0,3226.0,7429.0,0,0,0,0,0,0,0,0,0,0,0,0,0,0,0
2020-04-15,617.0,1873.0,5781.0,3649.0,4519.0,8749.0,0,0,0,0,0,0,0,0,0,0,0,0,0,0,0
2020-04-16,758.0,2156.0,5403.0,3588.0,0.0,0.0,0,0,0,0,0,0,0,0,0,0,0,0,0,0,0
2020-04-17,1470.0,2074.0,0.0,4045.0,3384.0,11835.0,0,0,0,0,0,0,0,0,0,0,0,0,0,0,0
2020-04-18,1847.0,1562.0,1737.0,3762.0,3238.0,9688.0,0,0,0,0,0,0,0,0,0,0,0,0,0,0,0
2020-04-19,1915.0,0.0,6526.0,2701.0,3203.0,7400.0,0,0,0,0,0,0,0,0,0,0,0,0,0,0,0
2020-04-20,1743.0,1825.0,0.0,4519.0,3917.0,11684.0,0,0,0,0,0,0,0,0,0,0,0,0,0,0,0
2020-04-21,690.0,2490.0,531.0,0.0,3508.0,5199.0,0,0,0,0,0,0,0,0,0,0,0,0,0,0,0
2020-04-22,514.0,1131.0,6969.0,3639.0,0.0,12059.0,0,0,0,0,0,0,0,0,0,0,0,0,0,0,0
2020-04-23,752.0,1568.0,4024.0,3347.0,0.0,12608.0,0,0,0,0,0,0,0,0,0,0,0,0,0,0,0
2020-04-24,1241.0,1697.0,7215.0,4034.0,0.0,2796.0,0,0,0,0,0,0,0,0,0,0,0,0,0,0,0
2020-04-25,2123.0,1630.0,2971.0,5362.0,3829.0,11130.0,0,0,0,0,0,0,0,0,0,0,0,0,0,0,0
2020-04-26,1840.0,2617.0,1566.0,3469.0,0.0,8044.0,0,0,0,0,0,0,0,0,0,0,0,0,0,0,0
2020-04-27,1595.0,1512.0,7238.0,3798.0,2745.0,7703.0,0,0,0,0,0,0,0,0,0,0,0,0,0,0,0
2020-04-28,791.0,1839.0,6455.0,3890.0,2377.0,7386.0,0,0,0,0,0,0,0,0,0,0,0,0,0,0,0
2020-04-29,503.0,0.0,0.0,3975.0,0.0,11778.0,0,0,0,0,0,0,0,0,0,0,0,0,0,0,0
2020-04-30,724.0,0.0,5023.0,3614.0,2729.0,0.0,0,0,0,0,0,0,0,0,0,0,0,0,0,0,0
2020-05-01,1304.0,1259.0,0.0,3816.0,3724.0,10044.0,0,0,0,0,0,0,0,0,0,0,0,0,0,0,0
2020-05-02,1775.0,1861.0,0.0,3310.0,3272.0,8020.0,0,0,0,0,0,0,0,0,0,0,0,0,0,0,0
2020-05-03,1839.0,526.0,0.0,3886.0,2611.0,5703.0,0,0,0,0,0,0,0,0,0,0,0,0,0,0,0
2020-05-04,1303.0,0.0,3677.0,0.0,3271.0,13482.0,0,0,0,0,0,0,0,0,0,0,0,0,0,0,0
2020-05-05,709.0,1917.0,7087.0,3836.0,3790.0,5932.0,0,0,0,0,0,0,0,0,0,0,0,0,0,0,0
2020-05-06,412.0,2405.0,4603.0,0.0,2350.0,0.0,0,0,0,0,0,0,0,0,0,0,0,0,0,0,0
2020-05-07,639.0,0.0,7572.0,3730.0,0.0,0.0,0,0,0,0,0,0,0,0,0,0,0,0,0,0,0
2020-05-08,1290.0,1895.0,0.0,3786.0,3891.0,13302.0,0,0,0,0,0,0,0,0,0,0,0,0,0,0,0
2020-05-09,1714.0,0.0,8013.0,0.0,3470.0,7216.0,0,0,0,0,0,0,0,0,0,0,0,0,0,0,0
2020-05-10,1730.0,0.0,2295.0,0.0,2630.0,9704.0,0,0,0,0,0,0,0,0,0,0,0,0,0,0,0
2020-05-11,1276.0,2060.0,0.0,0.0,4552.0,4548.0,0,0,0,0,0,0,0,0,0,0,0,0,0,0,0
2020-05-12,634.0,2112.0,4193.0,0.0,3301.0,7409.0,0,0,0,0,0,0,0,0,0,0,0,0,0,0,0
2020-05-13,440.0,0.0,0.0,3005.0,2755.0,3510.0,0,0,0,0,0,0,0,0,0,0,0,0,0,0,0
2020-05-14,727.0,2537.0,2910.0,4035.0,2725.0,7850.0,0,0,0,0,0,0,0,0,0,0,0,0,0,0,0
2020-05-15,1254.0,2122.0,7205.0,4133.0,393.0,0.0,0,0,0,0,0,0,0,0,0,0,0,0,0,0,0
2020-05-16,1755.0,2919.0,4807.0,3812.0,3709.0,0.0,0,0,0,0,0,0,0,0,0,0,0,0,0,0,0
2020-05-17,1751.0,0.0,0.0,3309.0,1935.0,3586.0,0,0,0,0,0,0,0,0,0,0,0,0,0,0,0
2020-05-18,1521.0,1792.0,0.0,4019.0,3086.0,16327.0,0,0,0,0,0,0,0,0,0,0,0,0,0,0,0
2020-05-19,656.0,0.0,0.0,4894.0,2486.0,0.0,0,0,0,0,0,0,0,0,0,0,0,0,0,0,0
2020-05-20,426.0,2335.0,1351.0,2824.0,793.0,7722.0,0,0,0,0,0,0,0,0,0,0,0,0,0,0,0
2020-05-21,655.0,0.0,6173.0,0.0,4286.0,5107.0,0,0,0,0,0,0,0,0,0,0,0,0,0,0,0
2020-05-22,1185.0,1812.0,4272.0,0.0,2969.0,7642.0,0,0,0,0,0,0,0,0,0,0,0,0,0,0,0
2020-05-23,1614.0,2266.0,0.0,3962.0,3328.0,0.0,0,0,0,0,0,0,0,0,0,0,0,0,0,0,0
2020-05-24,2120.0,2250.0,8692.0,3863.0,3165.0,5779.0,0,0,0,0,0,0,0,0,0,0,0,0,0,0,0
2020-05-25,1232.0,0.0,1332.0,3499.0,3430.0,9234.0,0,0,0,1,0,0,0,0,0,0,0,0,0,0,0
2020-05-26,680.0,1865.0,0.0,4087.0,3488.0,0.0,0,0,0,0,0,0,0,0,0,0,0,0,0,0,0
2020-05-27,492.0,2738.0,6581.0,0.0,3090.0,4908.0,0,0,0,0,0,0,0,0,0,0,0,0,0,0,0
2020-05-28,726.0,2225.0,0.0,3537.0,3824.0,12201.0,0,0,0,0,0,0,0,0,0,0,0,0,0,0,0
2020-05-29,1133.0,2842.0,2924.0,4278.0,0.0,2045.0,0,0,0,0,0,0,0,0,0,0,0,0,0,0,0
2020-05-30,1892.0,2199.0,602.0,3661.0,4795.0,6652.0,0,0,0,0,0,0,0,0,0,0,0,0,0,0,0
2020-05-31,1998.0,768.0,4821.0,4325.0,3260.0,4706.0,0,0,0,0,0,0,0,0,0,0,0,0,0,0,0
2020-06-01,1378.0,2258.0,0.0,3227.0,3447.0,12203.0,0,0,0,0,0,0,0,0,0,0,0,0,0,0,0
2020-06-02,738.0,2707.0,1250.0,4554.0,0.0,3877.0,0,0,0,0,0,0,0,0,0,0,0,0,0,0,0
2020-06-03,481.0,0.0,10566.0,0.0,3192.0,0.0,0,0,0,0,0,0,0,0,0,0,0,0,0,0,0
2020-06-04,720.0,2030.0,5453.0,0.0,3731.0,7931.0,0,0,0,0,0,0,0,0,0,0,0,0,0,0,0
2020-06-05,1413.0,2109.0,5661.0,3665.0,3339.0,10222.0,0,0,0,0,0,0,0,0,0,0,0,0,0,0,0
2020-06-06,1400.0,1105.0,3070.0,0.0,0.0,5140.0,0,0,0,0,0,0,0,0,0,0,0,0,0,0,0
2020-06-07,1795.0,2574.0,0.0,4179.0,0.0,4818.0,0,0,0,0,0,0,0,0,0,0,0,0,0,0,0
2020-06-08,1492.0,1359.0,2597.0,3455.0,2200.0,5927.0,0,0,0,0,0,0,0,0,0,0,0,0,0,0,0
2020-06-09,724.0,0.0,0.0,3448.0,3882.0,4886.0,0,0,0,0,0,0,0,0,0,0,0,0,0,0,0
2020-06-10,572.0,1148.0,10230.0,4616.0,2514.0,6224.0,0,0,0,0,0,0,0,0,0,0,0,0,0,0,0
2020-06-11,621.0,0.0,7624.0,3229.0,0.0,0.0,0,0,0,0,0,0,0,0,0,0,0,0,0,0,0
2020-06-12,1248.0,0.0,3987.0,3971.0,0.0,7181.0,0,0,0,0,0,0,0,0,0,0,0,0,0,0,0
2020-06-13,1730.0,2339.0,7093.0,3711.0,0.0,4145.0,0,0,0,0,0,0,0,0,0,0,0,0,0,0,0
2020-06-14,1798.0,0.0,5020.0,0.0,5428.0,0.0,0,0,0,0,0,0,0,0,0,0,0,0,0,0,0
2020-06-15,1399.0,1486.0,2554.0,3563.0,2851.0,0.0,0,0,0,0,0,0,0,0,0,0,0,0,0,0,0
2020-06-16,609.0,0.0,3296.0,0.0,2394.0,0.0,0,0,0,0,0,0,0,0,0,0,0,0,0,0,0
2020-06-17,589.0,3101.0,3331.0,4396.0,2734.0,0.0,0,0,0,0,0,0,0,0,0,0,0,0,0,0,0
2020-06-18,872.0,1685.0,3510.0,3901.0,2569.0,12277.0,0,0,0,0,0,0,0,0,0,0,0,0,0,0,0
2020-06-19,1290.0,2971.0,8078.0,3380.0,0.0,11834.0,0,0,0,0,0,0,0,0,0,0,0,0,0,0,0
2020-06-20,1909.0,2479.0,7953.0,3589.0,0.0,10011.0,0,0,0,0,0,0,0,0,0,0,0,0,0,0,0
2020-06-21,2268.0,2168.0,2679.0,3286.0,3427.0,8771.0,0,0,0,0,0,0,0,0,0,0,0,0,0,0,0
2020-06-22,1566.0,1781.0,4839.0,4193.0,2012.0,7683.0,0,0,0,0,0,0,0,0,0,0,0,0,0,0,0
2020-06-23,806.0,1259.0,0.0,0.0,3734.0,11545.0,0,0,0,0,0,0,0,0,0,0,0,0,0,0,0
2020-06-24,528.0,2065.0,5202.0,2719.0,0.0,5932.0,0,0,0,0,0,0,0,0,0,0,0,0,0,0,0
2020-06-25,829.0,2252.0,1174.0,4052.0,2145.0,9746.0,0,0,0,0,0,0,0,0,0,0,0,0,0,0,0
2020-06-26,1697.0,3360.0,5155.0,3895.0,3353.0,9728.0,0,0,0,0,0,0,0,0,0,0,0,0,0,0,0
2020-06-27,2000.0,0.0,954.0,3519.0,4260.0,6424.0,0,0,0,0,0,0,0,0,0,0,0,0,0,0,0
2020-06-28,1857.0,0.0,3929.0,0.0,4205.0,0.0,0,0,0,0,0,0,0,0,0,0,0,0,0,0,0
2020-06-29,1451.0,0.0,5152.0,0.0,2277.0,4920.0,0,0,0,0,0,0,0,0,0,0,0,0,0,0,0
2020-06-30,832.0,1977.0,0.0,4504.0,3819.0,3022.0,0,0,0,0,0,0,0,0,0,0,0,0,0,0,0
2020-07-01,562.0,1143.0,4394.0,0.0,2807.0,10048.0,0,0,0,0,0,0,0,0,0,0,0,0,0,0,0
2020-07-02,706.0,0.0,5400.0,0.0,0.0,5647.0,0,0,0,0,0,0,0,0,0,0,0,0,0,0,0
2020-07-03,1341.0,0.0,6587.0,3398.0,0.0,10791.0,0,0,0,0,0,0,0,0,0,0,1,0,0,0,0
2020-07-04,2424.0,2376.0,8478.0,3514.0,2940.0,10061.0,0,0,0,0,1,0,0,0,0,0,0,0,0,0,0
2020-07-05,2551.0,0.0,2708.0,4666.0,4838.0,9270.0,0,0,0,0,0,0,0,0,0,0,0,0,0,0,0
2020-07-06,1600.0,2333.0,3069.0,3848.0,0.0,0.0,0,0,0,0,0,0,0,0,0,0,0,0,0,0,0
2020-07-07,906.0,2297.0,0.0,4243.0,0.0,7138.0,0,0,0,0,0,0,0,0,0,0,0,0,0,0,0
2020-07-08,644.0,0.0,9081.0,3990.0,0.0,9617.0,0,0,0,0,0,0,0,0,0,0,0,0,0,0,0
2020-07-09,899.0,1353.0,0.0,3925.0,3962.0,0.0,0,0,0,0,0,0,0,0,0,0,0,0,0,0,0
2020-07-10,1974.0,2667.0,7689.0,2988.0,3506.0,19600.0,0,0,0,0,0,0,0,0,0,0,0,0,0,0,0
2020-07-11,2014.0,1897.0,4976.0,0.0,2771.0,0.0,0,0,0,0,0,0,0,0,0,0,0,0,0,0,0
2020-07-12,2097.0,2422.0,4351.0,0.0,3962.0,0.0,0,0,0,0,0,0,0,0,0,0,0,0,0,0,0
2020-07-13,2062.0,0.0,4217.0,4005.0,3249.0,9402.0,0,0,0,0,0,0,0,0,0,0,0,0,0,0,0
2020-07-14,916.0,1706.0,2405.0,3526.0,2222.0,0.0,0,0,0,0,0,0,0,0,0,0,0,0,0,0,0
2020-07-15,660.0,0.0,3186.0,3794.0,0.0,9512.0,0,0,0,0,0,0,0,0,0,0,0,0,0,0,0
2020-07-16,1063.0,1605.0,6548.0,3569.0,3441.0,6680.0,0,0,0,0,0,0,0,0,0,0,0,0,0,0,0
2020-07-17,1476.0,0.0,0.0,3715.0,0.0,9737.0,0,0,0,0,0,0,0,0,0,0,0,0,0,0,0
2020-07-18,2328.0,0.0,9417.0,4477.0,0.0,6110.0,0,0,0,0,0,0,0,0,0,0,0,0,0,0,0
2020-07-19,2493.0,1607.0,7036.0,3392.0,3044.0,0.0,0,0,0,0,0,0,0,0,0,0,0,0,0,0,0
2020-07-20,1530.0,2923.0,5748.0,0.0,0.0,0.0,0,0,0,0,0,0,0,0,0,0,0,0,0,0,0
2020-07-21,910.0,2488.0,0.0,3382.0,2190.0,14124.0,0,0,0,0,0,0,0,0,0,0,0,0,0,0,0
2020-07-22,689.0,2437.0,5180.0,3906.0,3945.0,1929.0,0,0,0,0,0,0,0,0,0,0,0,0,0,0,0
2020-07-23,1047.0,0.0,5488.0,3654.0,4260.0,7847.0,0,0,0,0,0,0,0,0,0,0,0,0,0,0,0
2020-07-24,1663.0,1527.0,3481.0,3617.0,0.0,0.0,0,0,0,0,0,0,0,0,0,0,0,0,0,0,0
2020-07-25,2262.0,2127.0,4717.0,4595.0,0.0,5859.0,0,0,0,0,0,0,0,0,0,0,0,0,0,0,0
2020-07-26,2705.0,1572.0,2199.0,4063.0,4803.0,0.0,0,0,0,0,0,0,0,0,0,0,0,0,0,0,0
2020-07-27,1803.0,1607.0,0.0,3803.0,2857.0,7064.0,0,0,0,0,0,0,0,0,0,0,0,0,0,0,0
2020-07-28,924.0,1688.0,10798.0,0.0,2283.0,5484.0,0,0,0,0,0,0,0,0,0,0,0,0,0,0,0
2020-07-29,589.0,2331.0,2836.0,0.0,2756.0,0.0,0,0,0,0,0,0,0,0,0,0,0,0,0,0,0
2020-07-30,841.0,0.0,0.0,4272.0,0.0,0.0,0,0,0,0,0,0,0,0,0,0,0,0,0,0,0
2020-07-31,1763.0,1695.0,6674.0,4034.0,3453.0,11819.0,0,0,0,0,0,0,0,0,0,0,0,0,0,0,0
2020-08-01,2489.0,0.0,5605.0,4242.0,2808.0,6570.0,0,0,0,0,0,0,0,0,0,0,0,0,0,0,0
2020-08-02,2392.0,1376.0,0.0,4049.0,1624.0,4861.0,0,0,0,0,0,0,0,0,0,0,0,0,0,0,0
2020-08-03,1740.0,1214.0,2971.0,0.0,2899.0,0.0,0,0,0,0,0,0,0,0,0,0,0,0,0,0,0
2020-08-04,854.0,0.0,7760.0,0.0,2754.0,0.0,0,0,0,0,0,0,0,0,0,0,0,0,0,0,0
2020-08-05,720.0,0.0,9465.0,3867.0,2824.0,9036.0,0,0,0,0,0,0,0,0,0,0,0,0,0,0,0
2020-08-06,810.0,0.0,0.0,0.0,1808.0,7127.0,0,0,0,0,0,0,0,0,0,0,0,0,0,0,0
2020-08-07,2022.0,2430.0,8319.0,4254.0,4753.0,9455.0,0,0,0,0,0,0,0,0,0,0,0,0,0,0,0
2020-08-08,1921.0,0.0,7098.0,0.0,3070.0,0.0,0,0,0,0,0,0,0,0,0,0,0,0,0,0,0
2020-08-09,2718.0,0.0,11714.0,3874.0,3793.0,3288.0,0,0,0,0,0,0,0,0,0,0,0,0,0,0,0
2020-08-10,2029.0,2373.0,7216.0,3713.0,2984.0,6141.0,0,0,0,0,0,0,0,0,0,0,0,0,0,0,0
2020-08-11,1011.0,2209.0,4022.0,4328.0,3146.0,3494.0,0,0,0,0,0,0,0,0,0,0,0,0,0,0,0
2020-08-12,675.0,2402.0,0.0,3668.0,2924.0,9226.0,0,0,0,0,0,0,0,0,0,0,0,0,0,0,0
2020-08-13,853.0,1755.0,0.0,3594.0,3418.0,0.0,0,0,0,0,0,0,0,0,0,0,0,0,0,0,0
2020-08-14,1385.0,2011.0,6681.0,0.0,1238.0,0.0,0,0,0,0,0,0,0,0,0,0,0,0,0,0,0
2020-08-15,1762.0,1382.0,0.0,3973.0,0.0,0.0,0,0,0,0,0,0,0,0,0,0,0,0,0,0,0
2020-08-16,2340.0,1730.0,6054.0,3443.0,2711.0,0.0,0,0,0,0,0,0,0,0,0,0,0,0,0,0,0
2020-08-17,1996.0,2884.0,7869.0,4651.0,2672.0,5252.0,0,0,0,0,0,0,0,0,0,0,0,0,0,0,0
2020-08-18,827.0,907.0,3354.0,3593.0,3416.0,0.0,0,0,0,0,0,0,0,0,0,0,0,0,0,0,0
2020-08-19,609.0,1837.0,2716.0,4249.0,0.0,7159.0,0,0,0,0,0,0,0,0,0,0,0,0,0,0,0
2020-08-20,855.0,2591.0,4846.0,3363.0,1630.0,0.0,0,0,0,0,0,0,0,0,0,0,0,0,0,0,0
2020-08-21,1451.0,1728.0,0.0,0.0,5162.0,5588.0,0,0,0,0,0,0,0,0,0,0,0,0,0,0,0
2020-08-22,1850.0,2021.0,1676.0,4793.0,0.0,0.0,0,0,0,0,0,0,0,0,0,0,0,0,0,0,0
2020-08-23,2036.0,0.0,6064.0,0.0,4623.0,677.0,0,0,0,0,0,0,0,0,0,0,0,0,0,0,0
2020-08-24,1689.0,0.0,8316.0,4395.0,2912.0,2679.0,0,0,0,0,0,0,0,0,0,0,0,0,0,0,0
2020-08-25,794.0,1291.0,0.0,3737.0,3176.0,2785.0,0,0,0,0,0,0,0,0,0,0,0,0,0,0,0
2020-08-26,485.0,1049.0,0.0,0.0,0.0,6109.0,0,0,0,0,0,0,0,0,0,0,0,0,0,0,0
2020-08-27,713.0,0.0,4105.0,4053.0,0.0,0.0,0,0,0,0,0,0,0,0,0,0,0,0,0,0,0
2020-08-28,1250.0,1675.0,0.0,3990.0,0.0,5158.0,0,0,0,0,0,0,0,0,0,0,0,0,0,0,0
2020-08-29,1860.0,2523.0,3592.0,3467.0,2723.0,0.0,0,0,0,0,0,0,0,0,0,0,0,0,0,0,0
2020-08-30,1947.0,2262.0,0.0,3559.0,0.0,7786.0,0,0,0,0,0,0,0,0,0,0,0,0,0,0,0
2020-08-31,1327.0,1226.0,4020.0,0.0,2464.0,0.0,0,0,0,0,0,0,0,0,0,0,0,0,0,0,0
2020-09-01,681.0,1172.0,7630.0,3727.0,0.0,1645.0,0,0,0,0,0,0,0,0,0,0,0,0,0,0,0
2020-09-02,558.0,0.0,6645.0,0.0,2799.0,7701.0,0,0,0,0,0,0,0,0,0,0,0,0,0,0,0
2020-09-03,798.0,975.0,3036.0,3563.0,3165.0,0.0,0,0,0,0,0,0,0,0,0,0,0,0,0,0,0
2020-09-04,1171.0,2416.0,3189.0,3595.0,0.0,0.0,0,0,0,0,0,0,0,0,0,0,0,0,0,0,0
2020-09-05,1714.0,0.0,4143.0,0.0,4931.0,0.0,0,0,0,0,0,0,0,0,0,0,0,0,0,0,0
2020-09-06,1599.0,0.0,0.0,3290.0,3102.0,576.0,0,0,0,0,0,0,0,0,0,0,0,0,0,0,0
2020-09-07,1314.0,2140.0,2629.0,4282.0,4195.0,6556.0,0,0,0,0,0,1,0,0,0,0,0,0,0,0,0
2020-09-08,723.0,2788.0,5077.0,3733.0,2434.0,0.0,0,0,0,0,0,0,0,0,0,0,0,0,0,0,0
2020-09-09,599.0,1985.0,4111.0,4265.0,3261.0,8623.0,0,0,0,0,0,0,0,0,0,0,0,0,0,0,0
2020-09-10,715.0,1051.0,0.0,3493.0,3985.0,0.0,0,0,0,0,0,0,0,0,0,0,0,0,0,0,0
2020-09-11,1327.0,1969.0,2441.0,4609.0,2286.0,8345.0,0,0,0,0,0,0,0,0,0,0,0,0,0,0,0
2020-09-12,2054.0,2241.0,6940.0,4487.0,4448.0,7091.0,0,0,0,0,0,0,0,0,0,0,0,0,0,0,0
2020-09-13,1634.0,0.0,1199.0,0.0,1609.0,9297.0,0,0,0,0,0,0,0,0,0,0,0,0,0,0,0
2020-09-14,1418.0,1443.0,0.0,4567.0,3280.0,3306.0,0,0,0,0,0,0,0,0,0,0,0,0,0,0,0
2020-09-15,749.0,2310.0,5957.0,3561.0,4475.0,2641.0,0,0,0,0,0,0,0,0,0,0,0,0,0,0,0
2020-09-16,455.0,2287.0,0.0,3408.0,4566.0,0.0,0,0,0,0,0,0,0,0,0,0,0,0,0,0,0
2020-09-17,697.0,0.0,6685.0,3558.0,3318.0,0.0,0,0,0,0,0,0,0,0,0,0,0,0,0,0,0
2020-09-18,1148.0,2045.0,6567.0,0.0,3854.0,6489.0,0,0,0,0,0,0,0,0,0,0,0,0,0,0,0
2020-09-19,1669.0,0.0,6372.0,3803.0,2298.0,6001.0,0,0,0,0,0,0,0,0,0,0,0,0,0,0,0
2020-09-20,1928.0,2310.0,181.0,3357.0,3005.0,9725.0,0,0,0,0,0,0,0,0,0,0,0,0,0,0,0
2020-09-21,1298.0,0.0,5548.0,0.0,3357.0,9504.0,0,0,0,0,0,0,0,0,0,0,0,0,0,0,0
2020-09-22,773.0,2384.0,6611.0,3933.0,1339.0,4702.0,0,0,0,0,0,0,0,0,0,0,0,0,0,0,0
2020-09-23,504.0,1988.0,7215.0,4217.0,3193.0,3419.0,0,0,0,0,0,0,0,0,0,0,0,0,0,0,0
2020-09-24,763.0,0.0,4817.0,3669.0,3090.0,10900.0,0,0,0,0,0,0,0,0,0,0,0,0,0,0,0
2020-09-25,1213.0,1964.0,5003.0,0.0,3359.0,10432.0,0,0,0,0,0,0,0,0,0,0,0,0,0,0,0
2020-09-26,1773.0,2285.0,5545.0,3847.0,3329.0,9446.0,0,0,0,0,0,0,0,0,0,0,0,0,0,0,0
2020-09-27,1689.0,1805.0,5814.0,3964.0,2260.0,0.0,0,0,0,0,0,0,0,0,0,0,0,0,0,0,0
2020-09-28,1302.0,1110.0,5075.0,3952.0,0.0,4172.0,0,0,0,0,0,0,0,0,0,0,0,0,0,0,0
2020-09-29,518.0,0.0,0.0,0.0,3016.0,0.0,0,0,0,0,0,0,0,0,0,0,0,0,0,0,0
2020-09-30,445.0,2084.0,6629.0,0.0,3840.0,4872.0,0,0,0,0,0,0,0,0,0,0,0,0,0,0,0
2020-10-01,655.0,1716.0,0.0,3359.0,2719.0,6335.0,0,0,0,0,0,0,0,0,0,0,0,0,0,0,0
2020-10-02,1115.0,2408.0,6339.0,3114.0,0.0,6809.0,0,0,0,0,0,0,0,0,0,0,0,0,0,0,0
2020-10-03,1622.0,1510.0,4241.0,3524.0,1992.0,0.0,0,0,0,0,0,0,0,0,0,0,0,0,0,0,0
2020-10-04,1542.0,3115.0,9130.0,0.0,0.0,7066.0,0,0,0,0,0,0,0,0,0,0,0,0,0,0,0
2020-10-05,1334.0,514.0,0.0,4377.0,2407.0,11341.0,0,0,0,0,0,0,0,0,0,0,0,0,0,0,0
2020-10-06,637.0,0.0,7668.0,4351.0,0.0,3413.0,0,0,0,0,0,0,0,0,0,0,0,0,0,0,0
2020-10-07,501.0,2373.0,6805.0,3865.0,2222.0,4830.0,0,0,0,0,0,0,0,0,0,0,0,0,0,0,0
2020-10-08,609.0,0.0,6613.0,0.0,3122.0,0.0,0,0,0,0,0,0,0,0,0,0,0,0,0,0,0
2020-10-09,1344.0,1883.0,9486.0,4328.0,0.0,0.0,0,0,0,0,0,0,0,0,0,0,0,0,0,0,0
2020-10-10,1726.0,0.0,0.0,4725.0,2728.0,8959.0,0,0,0,0,0,0,0,0,0,0,0,0,0,0,0
2020-10-11,1791.0,1501.0,5071.0,3606.0,2713.0,0.0,0,0,0,0,0,0,0,0,0,0,0,0,0,0,0
2020-10-12,1037.0,2535.0,2263.0,3032.0,2911.0,0.0,0,0,0,0,0,0,1,0,0,0,0,0,0,0,0
2020-10-13,696.0,1888.0,1440.0,0.0,1784.0,11334.0,0,0,0,0,0,0,0,0,0,0,0,0,0,0,0
2020-10-14,519.0,0.0,7761.0,3787.0,3474.0,5250.0,0,0,0,0,0,0,0,0,0,0,0,0,0,0,0
2020-10-15,691.0,2624.0,8164.0,0.0,3646.0,9617.0,0,0,0,0,0,0,0,0,0,0,0,0,0,0,0
2020-10-16,1230.0,1934.0,6714.0,0.0,3778.0,7822.0,0,0,0,0,0,0,0,0,0,0,0,0,0,0,0
2020-10-17,1849.0,2602.0,0.0,3498.0,2835.0,14700.0,0,0,0,0,0,0,0,0,0,0,0,0,0,0,0
2020-10-18,2046.0,0.0,3640.0,3385.0,4506.0,7981.0,0,0,0,0,0,0,0,0,0,0,0,0,0,0,0
2020-10-19,1530.0,2610.0,6060.0,3278.0,4890.0,0.0,0,0,0,0,0,0,0,0,0,0,0,0,0,0,0
2020-10-20,787.0,0.0,9693.0,4232.0,0.0,11219.0,0,0,0,0,0,0,0,0,0,0,0,0,0,0,0
2020-10-21,510.0,1857.0,0.0,3739.0,3424.0,10937.0,0,0,0,0,0,0,0,0,0,0,0,0,0,0,0
2020-10-22,667.0,1562.0,0.0,3881.0,0.0,10823.0,0,0,0,0,0,0,0,0,0,0,0,0,0,0,0
2020-10-23,1335.0,1858.0,3674.0,4480.0,0.0,13379.0,0,0,0,0,0,0,0,0,0,0,0,0,0,0,0
2020-10-24,1804.0,2462.0,2362.0,4420.0,1605.0,4145.0,0,0,0,0,0,0,0,0,0,0,0,0,0,0,0
2020-10-25,1920.0,2242.0,3610.0,3468.0,1418.0,5553.0,0,0,0,0,0,0,0,0,0,0,0,0,0,0,0
2020-10-26,1448.0,1905.0,5824.0,3841.0,1637.0,0.0,0,0,0,0,0,0,0,0,0,0,0,0,0,0,0
2020-10-27,811.0,1954.0,9902.0,3381.0,3740.0,0.0,0,0,0,0,0,0,0,0,0,0,0,0,0,0,0
2020-10-28,592.0,1227.0,1599.0,4315.0,4277.0,7914.0,0,0,0,0,0,0,0,0,0,0,0,0,0,0,0
2020-10-29,921.0,1617.0,5511.0,3671.0,2810.0,5958.0,0,0,0,0,0,0,0,0,0,0,0,0,0,0,0
2020-10-30,1473.0,1281.0,7226.0,0.0,3521.0,7290.0,0,0,0,0,0,0,0,0,0,0,0,0,0,0,0
2020-10-31,1956.0,2461.0,6203.0,4285.0,2606.0,6332.0,0,0,0,0,0,0,0,0,0,0,0,0,0,0,0
2020-11-01,2322.0,2507.0,6677.0,4181.0,1397.0,9349.0,0,0,0,0,0,0,0,0,0,0,0,0,0,0,0
2020-11-02,1726.0,964.0,7424.0,3265.0,3441.0,5529.0,0,0,0,0,0,0,0,0,0,0,0,0,0,0,0
2020-11-03,870.0,0.0,5693.0,3278.0,2898.0,7911.0,0,0,0,0,0,0,0,0,0,0,0,0,0,0,0
2020-11-04,527.0,2857.0,4059.0,0.0,2960.0,4610.0,0,0,0,0,0,0,0,0,0,0,0,0,0,0,0
2020-11-05,770.0,2787.0,8239.0,4176.0,0.0,244.0,0,0,0,0,0,0,0,0,0,0,0,0,0,0,0
2020-11-06,1227.0,1630.0,0.0,0.0,2613.0,6193.0,0,0,0,0,0,0,0,0,0,0,0,0,0,0,0
2020-11-07,1962.0,2646.0,4385.0,3449.0,0.0,10559.0,0,0,0,0,0,0,0,0,0,0,0,0,0,0,0
2020-11-08,1768.0,0.0,4311.0,0.0,0.0,12478.0,0,0,0,0,0,0,0,0,0,0,0,0,0,0,0
2020-11-09,1865.0,2094.0,7739.0,3586.0,4201.0,8580.0,0,0,0,0,0,0,0,0,0,0,0,0,0,0,0
2020-11-10,957.0,2002.0,5086.0,4401.0,2132.0,4768.0,0,0,0,0,0,0,0,0,0,0,0,0,0,0,0
2020-11-11,400.0,0.0,6185.0,4183.0,0.0,1637.0,0,0,0,0,0,0,0,1,0,0,0,0,0,0,0
2020-11-12,916.0,2502.0,0.0,4109.0,4381.0,8150.0,0,0,0,0,0,0,0,0,0,0,0,0,0,0,0
2020-11-13,1451.0,2046.0,0.0,0.0,3683.0,12113.0,0,0,0,0,0,0,0,0,0,0,0,0,0,0,0
2020-11-14,1774.0,0.0,0.0,3799.0,2605.0,0.0,0,0,0,0,0,0,0,0,0,0,0,0,0,0,0
2020-11-15,2359.0,1200.0,7829.0,3709.0,1183.0,5185.0,0,0,0,0,0,0,0,0,0,0,0,0,0,0,0
2020-11-16,1822.0,1607.0,5915.0,3642.0,3139.0,7443.0,0,0,0,0,0,0,0,0,0,0,0,0,0,0,0
2020-11-17,797.0,2387.0,1969.0,3934.0,0.0,0.0,0,0,0,0,0,0,0,0,0,0,0,0,0,0,0
2020-11-18,564.0,2764.0,0.0,3150.0,2263.0,7280.0,0,0,0,0,0,0,0,0,0,0,0,0,0,0,0
2020-11-19,848.0,2004.0,0.0,3602.0,1501.0,11355.0,0,0,0,0,0,0,0,0,0,0,0,0,0,0,0
2020-11-20,1423.0,0.0,5976.0,0.0,3102.0,16949.0,0,0,0,0,0,0,0,0,0,0,0,0,0,0,0
2020-11-21,1796.0,2013.0,3771.0,3961.0,2282.0,4057.0,0,0,0,0,0,0,0,0,0,0,0,0,0,0,0
2020-11-22,2167.0,2125.0,6453.0,3635.0,0.0,9565.0,0,0,0,0,0,0,0,0,0,0,0,0,0,0,0
2020-11-23,1595.0,0.0,7124.0,4237.0,3394.0,2099.0,0,0,0,0,0,0,0,0,0,0,0,0,0,0,0
2020-11-24,668.0,1794.0,0.0,0.0,1139.0,2973.0,0,0,0,0,0,0,0,0,0,0,0,0,0,0,0
2020-11-25,629.0,2862.0,4640.0,4270.0,1548.0,5221.0,0,0,0,0,0,0,0,0,0,0,0,0,0,0,0
2020-11-26,620.0,1595.0,0.0,4737.0,2693.0,3817.0,0,0,0,0,0,0,0,0,1,0,0,0,0,0,0
2020-11-27,1438.0,0.0,5823.0,3772.0,0.0,3201.0,0,0,0,0,0,0,0,0,0,0,0,0,0,0,0
2020-11-28,2092.0,1808.0,5919.0,3614.0,3357.0,0.0,0,0,0,0,0,0,0,0,0,0,0,0,0,0,0
2020-11-29,1954.0,1362.0,0.0,4176.0,0.0,0.0,0,0,0,0,0,0,0,0,0,0,0,0,0,0,0
2020-11-30,1766.0,1412.0,5617.0,2998.0,3598.0,1338.0,0,0,0,0,0,0,0,0,0,0,0,0,0,0,0
2020-12-01,892.0,1248.0,6139.0,3250.0,2960.0,3819.0,0,0,0,0,0,0,0,0,0,0,0,0,0,0,0
2020-12-02,578.0,2416.0,0.0,3584.0,4622.0,0.0,0,0,0,0,0,0,0,0,0,0,0,0,0,0,0
2020-12-03,939.0,0.0,5205.0,4002.0,1802.0,14592.0,0,0,0,0,0,0,0,0,0,0,0,0,0,0,0
2020-12-04,1463.0,1414.0,379.0,4440.0,2918.0,2521.0,0,0,0,0,0,0,0,0,0,0,0,0,0,0,0
2020-12-05,1804.0,0.0,0.0,3744.0,2536.0,2368.0,0,0,0,0,0,0,0,0,0,0,0,0,0,0,0
2020-12-06,1873.0,0.0,5852.0,0.0,3222.0,5869.0,0,0,0,0,0,0,0,0,0,0,0,0,0,0,0
2020-12-07,1793.0,0.0,6986.0,3690.0,3546.0,6775.0,0,0,0,0,0,0,0,0,0,0,0,0,0,0,0
2020-12-08,848.0,0.0,7703.0,2947.0,3378.0,0.0,0,0,0,0,0,0,0,0,0,0,0,0,0,0,0
2020-12-09,546.0,0.0,0.0,3559.0,2990.0,3966.0,0,0,0,0,0,0,0,0,0,0,0,0,0,0,0
2020-12-10,790.0,2086.0,0.0,4295.0,3285.0,0.0,0,0,0,0,0,0,0,0,0,0,0,0,0,0,0
2020-12-11,1509.0,0.0,10166.0,4099.0,2231.0,7337.0,0,0,0,0,0,0,0,0,0,0,0,0,0,0,0
2020-12-12,1512.0,2545.0,139.0,0.0,0.0,9280.0,0,0,0,0,0,0,0,0,0,0,0,0,0,0,0
2020-12-13,2062.0,1617.0,0.0,3791.0,4846.0,5091.0,0,0,0,0,0,0,0,0,0,0,0,0,0,0,0
2020-12-14,1354.0,2263.0,0.0,0.0,3145.0,10616.0,0,0,0,0,0,0,0,0,0,0,0,0,0,0,0
2020-12-15,789.0,1953.0,0.0,4955.0,2099.0,2410.0,0,0,0,0,0,0,0,0,0,0,0,0,0,0,0
2020-12-16,602.0,2625.0,3572.0,3740.0,3155.0,10916.0,0,0,0,0,0,0,0,0,0,0,0,0,0,0,0
2020-12-17,933.0,2024.0,1405.0,4479.0,3441.0,15581.0,0,0,0,0,0,0,0,0,0,0,0,0,0,0,0
2020-12-18,1271.0,2180.0,0.0,4123.0,0.0,15099.0,0,0,0,0,0,0,0,0,0,0,0,0,0,0,0
2020-12-19,1933.0,2064.0,6931.0,4116.0,2275.0,0.0,0,0,0,0,0,0,0,0,0,0,0,0,0,0,0
2020-12-20,1939.0,1580.0,0.0,4564.0,0.0,9366.0,0,0,0,0,0,0,0,0,0,0,0,0,0,0,0
2020-12-21,1334.0,2540.0,0.0,0.0,3751.0,10724.0,0,0,0,0,0,0,0,0,0,0,0,0,0,0,0
2020-12-22,737.0,0.0,5099.0,4229.0,2238.0,0.0,0,0,0,0,0,0,0,0,0,0,0,0,0,0,0
2020-12-23,541.0,2488.0,0.0,3571.0,2423.0,9152.0,0,0,0,0,0,0,0,0,0,0,0,0,0,0,0
2020-12-24,813.0,2621.0,4087.0,3915.0,3022.0,9666.0,0,0,0,0,0,0,0,0,0,0,0,0,0,0,0
2020-12-25,1647.0,2292.0,4262.0,3378.0,3623.0,5459.0,0,0,0,0,0,0,0,0,0,1,0,0,0,0,0
2020-12-26,1867.0,2124.0,0.0,3467.0,4531.0,11154.0,0,0,0,0,0,0,0,0,0,0,0,0,0,0,0
2020-12-27,1713.0,2506.0,7929.0,0.0,640.0,5631.0,0,0,0,0,0,0,0,0,0,0,0,0,0,0,0
2020-12-28,1425.0,1999.0,0.0,4564.0,0.0,9784.0,0,0,0,0,0,0,0,0,0,0,0,0,0,0,0
2020-12-29,669.0,1176.0,4833.0,3848.0,0.0,2263.0,0,0,0,0,0,0,0,0,0,0,0,0,0,0,0
2020-12-30,470.0,1757.0,676.0,4152.0,1642.0,0.0,0,0,0,0,0,0,0,0,0,0,0,0,0,0,0
2020-12-31,567.0,2193.0,0.0,0.0,3331.0,0.0,0,0,0,0,0,0,0,0,0,0,0,0,0,0,0
2021-01-01,1771.0,2674.0,5606.0,3405.0,0.0,0.0,1,0,0,0,0,0,0,0,0,0,0,0,0,0,0
2021-01-02,1782.0,2536.0,9597.0,2919.0,2940.0,0.0,0,0,0,0,0,0,0,0,0,0,0,0,0,0,0
2021-01-03,1835.0,0.0,0.0,3487.0,2395.0,5382.0,0,0,0,0,0,0,0,0,0,0,0,0,0,0,0
2021-01-04,1187.0,2010.0,0.0,0.0,2774.0,4083.0,0,0,0,0,0,0,0,0,0,0,0,0,0,0,0
2021-01-05,634.0,1630.0,10652.0,0.0,3826.0,0.0,0,0,0,0,0,0,0,0,0,0,0,0,0,0,0
2021-01-06,560.0,1927.0,1433.0,3589.0,4713.0,11815.0,0,0,0,0,0,0,0,0,0,0,0,0,0,0,0
2021-01-07,732.0,1373.0,3850.0,4100.0,3785.0,2053.0,0,0,0,0,0,0,0,0,0,0,0,0,0,0,0
2021-01-08,1190.0,2111.0,0.0,3808.0,0.0,11055.0,0,0,0,0,0,0,0,0,0,0,0,0,0,0,0
2021-01-09,1424.0,2281.0,3136.0,0.0,0.0,6616.0,0,0,0,0,0,0,0,0,0,0,0,0,0,0,0
2021-01-10,1426.0,2192.0,4571.0,0.0,0.0,1961.0,0,0,0,0,0,0,0,0,0,0,0,0,0,0,0
2021-01-11,1463.0,1609.0,3830.0,4033.0,3794.0,7719.0,0,0,0,0,0,0,0,0,0,0,0,0,0,0,0
2021-01-12,713.0,0.0,5363.0,3621.0,4132.0,5393.0,0,0,0,0,0,0,0,0,0,0,0,0,0,0,0
2021-01-13,342.0,0.0,2097.0,0.0,0.0,0.0,0,0,0,0,0,0,0,0,0,0,0,0,0,0,0
2021-01-14,626.0,1684.0,0.0,3577.0,1588.0,3363.0,0,0,0,0,0,0,0,0,0,0,0,0,0,0,0
2021-01-15,1357.0,0.0,8543.0,4398.0,3028.0,8787.0,0,0,0,0,0,0,0,0,0,0,0,0,0,0,0
2021-01-16,1361.0,1538.0,0.0,3290.0,0.0,7790.0,0,0,0,0,0,0,0,0,0,0,0,0,0,0,0
2021-01-17,1363.0,1419.0,365.0,0.0,0.0,4582.0,0,0,0,0,0,0,0,0,0,0,0,0,0,0,0
2021-01-18,1184.0,2373.0,0.0,4473.0,0.0,12878.0,0,1,0,0,0,0,0,0,0,0,0,0,0,0,0
2021-01-19,738.0,1981.0,1868.0,3457.0,3218.0,4964.0,0,0,0,0,0,0,0,0,0,0,0,0,0,0,0
2021-01-20,377.0,912.0,2463.0,0.0,2137.0,6240.0,0,0,0,0,0,0,0,0,0,0,0,0,0,0,0
2021-01-21,800.0,1687.0,3930.0,3872.0,1619.0,10438.0,0,0,0,0,0,0,0,0,0,0,0,0,0,0,0
2021-01-22,1089.0,0.0,7590.0,0.0,2785.0,5203.0,0,0,0,0,0,0,0,0,0,0,0,0,0,0,0
2021-01-23,1595.0,3211.0,6781.0,0.0,3126.0,9157.0,0,0,0,0,0,0,0,0,0,0,0,0,0,0,0
2021-01-24,1465.0,2005.0,0.0,0.0,1056.0,2991.0,0,0,0,0,0,0,0,0,0,0,0,0,0,0,0
2021-01-25,1220.0,2168.0,0.0,0.0,3490.0,10614.0,0,0,0,0,0,0,0,0,0,0,0,0,0,0,0
2021-01-26,664.0,2093.0,6182.0,2685.0,2914.0,0.0,0,0,0,0,0,0,0,0,0,0,0,0,0,0,0
2021-01-27,461.0,1423.0,0.0,3872.0,1398.0,927.0,0,0,0,0,0,0,0,0,0,0,0,0,0,0,0
2021-01-28,647.0,2272.0,2641.0,3352.0,0.0,3949.0,0,0,0,0,0,0,0,0,0,0,0,0,0,0,0
2021-01-29,1276.0,1494.0,6645.0,4690.0,0.0,10725.0,0,0,0,0,0,0,0,0,0,0,0,0,0,0,0
2021-01-30,1795.0,0.0,8442.0,4063.0,3876.0,3661.0,0,0,0,0,0,0,0,0,0,0,0,0,0,0,0
2021-01-31,1824.0,2037.0,0.0,5012.0,2738.0,0.0,0,0,0,0,0,0,0,0,0,0,0,0,0,0,0
2021-02-01,1109.0,0.0,0.0,0.0,3457.0,7769.0,0,0,0,0,0,0,0,0,0,0,0,0,0,0,0
2021-02-02,700.0,2594.0,0.0,4027.0,2900.0,8006.0,0,0,0,0,0,0,0,0,0,0,0,0,0,0,0
2021-02-03,504.0,2488.0,1593.0,4043.0,814.0,3151.0,0,0,0,0,0,0,0,0,0,0,0,0,0,0,0
2021-02-04,637.0,2199.0,7100.0,0.0,2714.0,0.0,0,0,0,0,0,0,0,0,0,0,0,0,0,0,0
2021-02-05,1326.0,1097.0,0.0,3326.0,5057.0,6667.0,0,0,0,0,0,0,0,0,0,0,0,0,0,0,0
2021-02-06,1505.0,2587.0,0.0,0.0,3757.0,0.0,0,0,0,0,0,0,0,0,0,0,0,0,0,0,0
2021-02-07,1801.0,0.0,5154.0,4053.0,3043.0,0.0,0,0,0,0,0,0,0,0,0,0,0,0,0,0,0
2021-02-08,1613.0,0.0,4572.0,4641.0,2592.0,7186.0,0,0,0,0,0,0,0,0,0,0,0,0,0,0,0
2021-02-09,673.0,0.0,10484.0,3350.0,0.0,0.0,0,0,0,0,0,0,0,0,0,0,0,0,0,0,0
2021-02-10,609.0,2096.0,7736.0,3758.0,3945.0,12121.0,0,0,0,0,0,0,0,0,0,0,0,0,0,0,0
2021-02-11,687.0,2463.0,5261.0,0.0,0.0,5740.0,0,0,0,0,0,0,0,0,0,0,0,0,0,0,0
2021-02-12,1309.0,2054.0,6213.0,3459.0,0.0,3421.0,0,0,0,0,0,0,0,0,0,0,0,0,0,0,0
2021-02-13,1676.0,2372.0,6219.0,0.0,3850.0,4803.0,0,0,0,0,0,0,0,0,0,0,0,0,0,0,0
2021-02-14,2133.0,2425.0,1598.0,4630.0,1514.0,9727.0,0,0,0,0,0,0,0,0,0,0,0,0,0,0,0
2021-02-15,1593.0,1566.0,3366.0,0.0,0.0,7788.0,0,0,1,0,0,0,0,0,0,0,0,0,0,0,0
2021-02-16,691.0,2377.0,0.0,3810.0,0.0,7497.0,0,0,0,0,0,0,0,0,0,0,0,0,0,0,0
2021-02-17,625.0,2754.0,8651.0,4107.0,3016.0,1737.0,0,0,0,0,0,0,0,0,0,0,0,0,0,0,0
2021-02-18,766.0,1399.0,0.0,3984.0,2921.0,0.0,0,0,0,0,0,0,0,0,0,0,0,0,0,0,0
2021-02-19,1104.0,0.0,0.0,0.0,0.0,12550.0,0,0,0,0,0,0,0,0,0,0,0,0,0,0,0
2021-02-20,1896.0,2370.0,0.0,3986.0,2415.0,428.0,0,0,0,0,0,0,0,0,0,0,0,0,0,0,0
2021-02-21,2189.0,2306.0,5967.0,3859.0,2936.0,0.0,0,0,0,0,0,0,0,0,0,0,0,0,0,0,0
2021-02-22,1580.0,2641.0,3928.0,3967.0,0.0,9695.0,0,0,0,0,0,0,0,0,0,0,0,0,0,0,0
2021-02-23,770.0,0.0,3208.0,3976.0,1613.0,0.0,0,0,0,0,0,0,0,0,0,0,0,0,0,0,0
2021-02-24,561.0,2501.0,0.0,3502.0,3120.0,6071.0,0,0,0,0,0,0,0,0,0,0,0,0,0,0,0
2021-02-25,773.0,2758.0,0.0,3202.0,0.0,6734.0,0,0,0,0,0,0,0,0,0,0,0,0,0,0,0
2021-02-26,1525.0,0.0,5784.0,4578.0,3415.0,8841.0,0,0,0,0,0,0,0,0,0,0,0,0,0,0,0
2021-02-27,2278.0,2063.0,8015.0,4050.0,4162.0,0.0,0,0,0,0,0,0,0,0,0,0,0,0,0,0,0
2021-02-28,2119.0,2318.0,3959.0,2968.0,0.0,1033.0,0,0,0,0,0,0,0,0,0,0,0,0,0,0,0
2021-03-01,1683.0,1617.0,9563.0,3823.0,0.0,2833.0,0,0,0,0,0,0,0,0,0,0,0,0,0,0,0
2021-03-02,811.0,2105.0,0.0,4411.0,1674.0,4419.0,0,0,0,0,0,0,0,0,0,0,0,0,0,0,0
2021-03-03,562.0,1691.0,5013.0,3332.0,0.0,0.0,0,0,0,0,0,0,0,0,0,0,0,0,0,0,0
2021-03-04,845.0,3188.0,1443.0,0.0,4438.0,10200.0,0,0,0,0,0,0,0,0,0,0,0,0,0,0,0
2021-03-05,1531.0,2556.0,0.0,3475.0,2462.0,3389.0,0,0,0,0,0,0,0,0,0,0,0,0,0,0,0
2021-03-06,2057.0,2011.0,0.0,3961.0,3209.0,0.0,0,0,0,0,0,0,0,0,0,0,0,0,0,0,0
2021-03-07,2312.0,2350.0,756.0,0.0,4404.0,15087.0,0,0,0,0,0,0,0,0,0,0,0,0,0,0,0
2021-03-08,1461.0,0.0,5362.0,2860.0,0.0,2809.0,0,0,0,0,0,0,0,0,0,0,0,0,0,0,0
2021-03-09,941.0,2915.0,0.0,3428.0,1528.0,4876.0,0,0,0,0,0,0,0,0,0,0,0,0,0,0,0
2021-03-10,649.0,0.0,7870.0,3354.0,540.0,8275.0,0,0,0,0,0,0,0,0,0,0,0,0,0,0,0
2021-03-11,879.0,0.0,4901.0,0.0,3313.0,5803.0,0,0,0,0,0,0,0,0,0,0,0,0,0,0,0
2021-03-12,1691.0,2447.0,9035.0,4710.0,0.0,0.0,0,0,0,0,0,0,0,0,0,0,0,0,0,0,0
2021-03-13,1879.0,2680.0,8076.0,0.0,0.0,0.0,0,0,0,0,0,0,0,0,0,0,0,0,0,0,0
2021-03-14,1998.0,0.0,5483.0,0.0,0.0,8816.0,0,0,0,0,0,0,0,0,0,0,0,0,0,0,0
2021-03-15,1999.0,1733.0,6225.0,4273.0,0.0,14661.0,0,0,0,0,0,0,0,0,0,0,0,0,0,0,0
2021-03-16,897.0,2541.0,0.0,2920.0,4004.0,6996.0,0,0,0,0,0,0,0,0,0,0,0,0,0,0,0
2021-03-17,551.0,2215.0,0.0,4523.0,0.0,0.0,0,0,0,0,0,0,0,0,0,0,0,0,0,0,0
2021-03-18,952.0,2608.0,0.0,3985.0,0.0,10032.0,0,0,0,0,0,0,0,0,0,0,0,0,0,0,0
2021-03-19,1578.0,1543.0,0.0,0.0,2881.0,9553.0,0,0,0,0,0,0,0,0,0,0,0,0,0,0,0
2021-03-20,1638.0,0.0,0.0,0.0,0.0,0.0,0,0,0,0,0,0,0,0,0,0,0,0,0,0,0
2021-03-21,2723.0,1516.0,1657.0,3702.0,1541.0,8027.0,0,0,0,0,0,0,0,0,0,0,0,0,0,0,0
2021-03-22,2009.0,0.0,7132.0,4279.0,1880.0,0.0,0,0,0,0,0,0,0,0,0,0,0,0,0,0,0
2021-03-23,955.0,0.0,4479.0,3353.0,4557.0,0.0,0,0,0,0,0,0,0,0,0,0,0,0,0,0,0
2021-03-24,582.0,0.0,2188.0,3745.0,0.0,2708.0,0,0,0,0,0,0,0,0,0,0,0,0,0,0,0
2021-03-25,996.0,2444.0,0.0,5043.0,0.0,9829.0,0,0,0,0,0,0,0,0,0,0,0,0,0,0,0
2021-03-26,1587.0,1866.0,0.0,0.0,3272.0,9639.0,0,0,0,0,0,0,0,0,0,0,0,0,0,0,0
2021-03-27,2192.0,1388.0,0.0,3206.0,2608.0,7964.0,0,0,0,0,0,0,0,0,0,0,0,0,0,0,0
2021-03-28,2382.0,2455.0,10100.0,0.0,0.0,7743.0,0,0,0,0,0,0,0,0,0,0,0,0,0,0,0
2021-03-29,1968.0,2038.0,1279.0,3136.0,4229.0,8583.0,0,0,0,0,0,0,0,0,0,0,0,0,0,0,0
2021-03-30,968.0,3075.0,0.0,3938.0,2815.0,7548.0,0,0,0,0,0,0,0,0,0,0,0,0,0,0,0
2021-03-31,765.0,909.0,0.0,4393.0,3343.0,10977.0,0,0,0,0,0,0,0,0,0,0,0,0,0,0,0
2021-04-01,1098.0,1595.0,3157.0,4036.0,3368.0,4417.0,0,0,0,0,0,0,0,0,0,0,0,0,0,0,0
2021-04-02,1775.0,3821.0,9456.0,4393.0,0.0,6630.0,0,0,0,0,0,0,0,0,0,0,0,0,0,0,0
2021-04-03,2440.0,2270.0,6165.0,3595.0,0.0,3053.0,0,0,0,0,0,0,0,0,0,0,0,0,0,0,0
2021-04-04,2492.0,2563.0,4121.0,4013.0,57.0,13193.0,0,0,0,0,0,0,0,0,0,0,0,0,0,0,0
2021-04-05,1798.0,1512.0,5020.0,4024.0,0.0,5625.0,0,0,0,0,0,0,0,0,0,0,0,0,0,0,0
2021-04-06,838.0,0.0,0.0,0.0,3659.0,6644.0,0,0,0,0,0,0,0,0,0,0,0,0,0,0,0
2021-04-07,759.0,2721.0,2051.0,3712.0,3578.0,14631.0,0,0,0,0,0,0,0,0,0,0,0,0,0,0,0
2021-04-08,1046.0,1998.0,11163.0,3677.0,1590.0,3801.0,0,0,0,0,0,0,0,0,0,0,0,0,0,0,0
2021-04-09,1788.0,0.0,4132.0,4287.0,1677.0,7277.0,0,0,0,0,0,0,0,0,0,0,0,0,0,0,0
2021-04-10,2531.0,1220.0,4538.0,4436.0,2544.0,0.0,0,0,0,0,0,0,0,0,0,0,0,0,0,0,0
2021-04-11,2786.0,2541.0,0.0,3879.0,5063.0,6483.0,0,0,0,0,0,0,0,0,0,0,0,0,0,0,0
2021-04-12,1504.0,1409.0,4204.0,0.0,0.0,0.0,0,0,0,0,0,0,0,0,0,0,0,0,0,0,0
2021-04-13,1095.0,1141.0,4765.0,4164.0,3128.0,15578.0,0,0,0,0,0,0,0,0,0,0,0,0,0,0,0
2021-04-14,655.0,0.0,6797.0,3594.0,3268.0,6052.0,0,0,0,0,0,0,0,0,0,0,0,0,0,0,0
2021-04-15,963.0,2608.0,6376.0,3340.0,3473.0,0.0,0,0,0,0,0,0,0,0,0,0,0,0,0,0,0
2021-04-16,1673.0,2082.0,1701.0,0.0,4228.0,9832.0,0,0,0,0,0,0,0,0,0,0,0,0,0,0,0
2021-04-17,2226.0,1744.0,4977.0,3476.0,3914.0,0.0,0,0,0,0,0,0,0,0,0,0,0,0,0,0,0
2021-04-18,2286.0,3262.0,7169.0,3229.0,0.0,0.0,0,0,0,0,0,0,0,0,0,0,0,0,0,0,0
2021-04-19,2090.0,2116.0,5297.0,4227.0,4930.0,11410.0,0,0,0,0,0,0,0,0,0,0,0,0,0,0,0
2021-04-20,1007.0,1330.0,8019.0,3744.0,0.0,9365.0,0,0,0,0,0,0,0,0,0,0,0,0,0,0,0
2021-04-21,497.0,1346.0,0.0,0.0,0.0,7348.0,0,0,0,0,0,0,0,0,0,0,0,0,0,0,0
2021-04-22,924.0,2184.0,0.0,3717.0,2475.0,0.0,0,0,0,0,0,0,0,0,0,0,0,0,0,0,0
2021-04-23,1562.0,0.0,7903.0,3426.0,2614.0,0.0,0,0,0,0,0,0,0,0,0,0,0,0,0,0,0
2021-04-24,2147.0,0.0,0.0,4041.0,1322.0,4803.0,0,0,0,0,0,0,0,0,0,0,0,0,0,0,0
2021-04-25,2349.0,2430.0,0.0,3883.0,2758.0,7146.0,0,0,0,0,0,0,0,0,0,0,0,0,0,0,0
2021-04-26,1416.0,1418.0,0.0,0.0,0.0,1626.0,0,0,0,0,0,0,0,0,0,0,0,0,0,0,0
2021-04-27,838.0,1290.0,1329.0,4117.0,1435.0,7678.0,0,0,0,0,0,0,0,0,0,0,0,0,0,0,0
2021-04-28,452.0,0.0,0.0,0.0,871.0,0.0,0,0,0,0,0,0,0,0,0,0,0,0,0,0,0
2021-04-29,898.0,1703.0,3142.0,3926.0,5007.0,5927.0,0,0,0,0,0,0,0,0,0,0,0,0,0,0,0
2021-04-30,1653.0,583.0,7777.0,3571.0,3981.0,7692.0,0,0,0,0,0,0,0,0,0,0,0,0,0,0,0
2021-05-01,2006.0,0.0,0.0,4796.0,1225.0,17565.0,0,0,0,0,0,0,0,0,0,0,0,0,0,0,0
2021-05-02,2410.0,2011.0,0.0,4568.0,1893.0,9824.0,0,0,0,0,0,0,0,0,0,0,0,0,0,0,0
2021-05-03,1600.0,2551.0,6062.0,3379.0,0.0,5655.0,0,0,0,0,0,0,0,0,0,0,0,0,0,0,0
2021-05-04,720.0,0.0,7765.0,0.0,0.0,6738.0,0,0,0,0,0,0,0,0,0,0,0,0,0,0,0
2021-05-05,643.0,2790.0,3594.0,4567.0,3645.0,2895.0,0,0,0,0,0,0,0,0,0,0,0,0,0,0,0
2021-05-06,692.0,1451.0,0.0,0.0,0.0,10241.0,0,0,0,0,0,0,0,0,0,0,0,0,0,0,0
2021-05-07,1505.0,0.0,3019.0,3850.0,3582.0,8528.0,0,0,0,0,0,0,0,0,0,0,0,0,0,0,0
2021-05-08,1933.0,2116.0,4524.0,3133.0,0.0,9072.0,0,0,0,0,0,0,0,0,0,0,0,0,0,0,0
2021-05-09,2360.0,2226.0,2373.0,3850.0,2135.0,5636.0,0,0,0,0,0,0,0,0,0,0,0,0,0,0,0
2021-05-10,1809.0,2777.0,5412.0,3616.0,3034.0,8178.0,0,0,0,0,0,0,0,0,0,0,0,0,0,0,0
2021-05-11,771.0,2039.0,5324.0,3926.0,0.0,4286.0,0,0,0,0,0,0,0,0,0,0,0,0,0,0,0
2021-05-12,664.0,2183.0,5658.0,4447.0,3421.0,813.0,0,0,0,0,0,0,0,0,0,0,0,0,0,0,0
2021-05-13,747.0,1760.0,0.0,4193.0,1918.0,0.0,0,0,0,0,0,0,0,0,0,0,0,0,0,0,0
2021-05-14,1347.0,0.0,1777.0,3825.0,3218.0,7136.0,0,0,0,0,0,0,0,0,0,0,0,0,0,0,0
2021-05-15,1891.0,1475.0,0.0,4470.0,2038.0,9835.0,0,0,0,0,0,0,0,0,0,0,0,0,0,0,0
2021-05-16,2058.0,1500.0,0.0,3650.0,3292.0,9205.0,0,0,0,0,0,0,0,0,0,0,0,0,0,0,0
2021-05-17,1397.0,0.0,4127.0,4600.0,2978.0,0.0,0,0,0,0,0,0,0,0,0,0,0,0,0,0,0
2021-05-18,796.0,1440.0,1225.0,4321.0,3809.0,4394.0,0,0,0,0,0,0,0,0,0,0,0,0,0,0,0
2021-05-19,545.0,0.0,5399.0,4243.0,2220.0,2215.0,0,0,0,0,0,0,0,0,0,0,0,0,0,0,0
2021-05-20,925.0,806.0,7329.0,3754.0,2129.0,6355.0,0,0,0,0,0,0,0,0,0,0,0,0,0,0,0
2021-05-21,1539.0,1367.0,8443.0,3202.0,4726.0,6561.0,0,0,0,0,0,0,0,0,0,0,0,0,0,0,0
2021-05-22,1859.0,0.0,2346.0,4088.0,75.0,9562.0,0,0,0,0,0,0,0,0,0,0,0,0,0,0,0
2021-05-23,2061.0,2702.0,0.0,3826.0,0.0,8217.0,0,0,0,0,0,0,0,0,0,0,0,0,0,0,0
2021-05-24,1267.0,0.0,0.0,0.0,2765.0,6552.0,0,0,0,0,0,0,0,0,0,0,0,0,0,0,0
2021-05-25,858.0,1964.0,4268.0,5266.0,3441.0,8693.0,0,0,0,0,0,0,0,0,0,0,0,0,0,0,0
2021-05-26,558.0,2211.0,0.0,4116.0,2442.0,2412.0,0,0,0,0,0,0,0,0,0,0,0,0,0,0,0
2021-05-27,842.0,1921.0,8792.0,3630.0,2278.0,0.0,0,0,0,0,0,0,0,0,0,0,0,0,0,0,0
2021-05-28,1313.0,1917.0,6327.0,0.0,4152.0,2007.0,0,0,0,0,0,0,0,0,0,0,0,0,0,0,0
2021-05-29,2141.0,1981.0,4946.0,3272.0,4139.0,4639.0,0,0,0,0,0,0,0,0,0,0,0,0,0,0,0
2021-05-30,1772.0,1744.0,2598.0,0.0,0.0,13171.0,0,0,0,0,0,0,0,0,0,0,0,0,0,0,0
2021-05-31,1539.0,0.0,2382.0,2981.0,2866.0,9289.0,0,0,0,1,0,0,0,0,0,0,0,0,0,0,0
2021-06-01,828.0,0.0,8903.0,3420.0,3547.0,9885.0,0,0,0,0,0,0,0,0,0,0,0,0,0,0,0
2021-06-02,550.0,2258.0,58.0,3836.0,4505.0,0.0,0,0,0,0,0,0,0,0,0,0,0,0,0,0,0
2021-06-03,738.0,0.0,7682.0,3733.0,1110.0,0.0,0,0,0,0,0,0,0,0,0,0,0,0,0,0,0
2021-06-04,1578.0,0.0,6442.0,3914.0,2652.0,11735.0,0,0,0,0,0,0,0,0,0,0,0,0,0,0,0
2021-06-05,1778.0,753.0,1876.0,0.0,4512.0,9533.0,0,0,0,0,0,0,0,0,0,0,0,0,0,0,0
2021-06-06,1884.0,2336.0,6939.0,3847.0,2541.0,0.0,0,0,0,0,0,0,0,0,0,0,0,0,0,0,0
2021-06-07,1354.0,0.0,2159.0,0.0,3838.0,4966.0,0,0,0,0,0,0,0,0,0,0,0,0,0,0,0
2021-06-08,724.0,907.0,373.0,3116.0,0.0,9538.0,0,0,0,0,0,0,0,0,0,0,0,0,0,0,0
2021-06-09,549.0,1406.0,0.0,0.0,2935.0,13358.0,0,0,0,0,0,0,0,0,0,0,0,0,0,0,0
2021-06-10,806.0,1047.0,1397.0,3153.0,2256.0,0.0,0,0,0,0,0,0,0,0,0,0,0,0,0,0,0
2021-06-11,1435.0,0.0,4829.0,3387.0,2922.0,5089.0,0,0,0,0,0,0,0,0,0,0,0,0,0,0,0
2021-06-12,1816.0,1392.0,4826.0,2612.0,2709.0,1535.0,0,0,0,0,0,0,0,0,0,0,0,0,0,0,0
2021-06-13,2538.0,2252.0,7039.0,4439.0,0.0,10032.0,0,0,0,0,0,0,0,0,0,0,0,0,0,0,0
2021-06-14,1283.0,0.0,3180.0,0.0,0.0,3528.0,0,0,0,0,0,0,0,0,0,0,0,0,0,0,0
2021-06-15,741.0,952.0,7050.0,0.0,1827.0,598.0,0,0,0,0,0,0,0,0,0,0,0,0,0,0,0
2021-06-16,625.0,1426.0,6264.0,4314.0,2343.0,10508.0,0,0,0,0,0,0,0,0,0,0,0,0,0,0,0
2021-06-17,936.0,1708.0,5382.0,5289.0,0.0,6221.0,0,0,0,0,0,0,0,0,0,0,0,0,0,0,0
2021-06-18,1359.0,2898.0,0.0,0.0,4415.0,6519.0,0,0,0,0,0,0,0,0,0,0,0,1,0,0,0
2021-06-19,2095.0,0.0,0.0,4216.0,4431.0,8810.0,0,0,0,0,0,0,0,0,0,0,0,0,1,0,0
2021-06-20,2598.0,1234.0,8374.0,4241.0,1884.0,7913.0,0,0,0,0,0,0,0,0,0,0,0,0,0,0,0
2021-06-21,1827.0,1669.0,4267.0,4046.0,2234.0,7773.0,0,0,0,0,0,0,0,0,0,0,0,0,0,0,0
2021-06-22,709.0,2605.0,0.0,0.0,0.0,0.0,0,0,0,0,0,0,0,0,0,0,0,0,0,0,0
2021-06-23,741.0,0.0,2890.0,3813.0,4232.0,13427.0,0,0,0,0,0,0,0,0,0,0,0,0,0,0,0
2021-06-24,1032.0,931.0,3174.0,3232.0,1813.0,9701.0,0,0,0,0,0,0,0,0,0,0,0,0,0,0,0
2021-06-25,1575.0,2937.0,4960.0,3695.0,0.0,0.0,0,0,0,0,0,0,0,0,0,0,0,0,0,0,0
2021-06-26,2131.0,0.0,4126.0,3943.0,0.0,7662.0,0,0,0,0,0,0,0,0,0,0,0,0,0,0,0
2021-06-27,2410.0,0.0,0.0,3116.0,948.0,7001.0,0,0,0,0,0,0,0,0,0,0,0,0,0,0,0
2021-06-28,1865.0,0.0,1037.0,3654.0,2569.0,4273.0,0,0,0,0,0,0,0,0,0,0,0,0,0,0,0
2021-06-29,932.0,1364.0,3065.0,4122.0,1807.0,3462.0,0,0,0,0,0,0,0,0,0,0,0,0,0,0,0
2021-06-30,698.0,2383.0,0.0,3778.0,3331.0,7191.0,0,0,0,0,0,0,0,0,0,0,0,0,0,0,0
2021-07-01,960.0,2396.0,0.0,3607.0,2654.0,5338.0,0,0,0,0,0,0,0,0,0,0,0,0,0,0,0
2021-07-02,1540.0,1868.0,5188.0,0.0,3004.0,0.0,0,0,0,0,0,0,0,0,0,0,0,0,0,0,0
2021-07-03,2375.0,2146.0,3478.0,3863.0,2690.0,0.0,0,0,0,0,0,0,0,0,0,0,0,0,0,0,0
2021-07-04,3154.0,2929.0,5723.0,4924.0,2942.0,4711.0,0,0,0,0,1,0,0,0,0,0,0,0,0,0,0
2021-07-05,2401.0,1783.0,5563.0,3748.0,3913.0,8075.0,0,0,0,0,0,0,0,0,0,0,1,0,0,0,0
2021-07-06,825.0,2381.0,0.0,0.0,0.0,5627.0,0,0,0,0,0,0,0,0,0,0,0,0,0,0,0
2021-07-07,726.0,0.0,6513.0,3908.0,3271.0,0.0,0,0,0,0,0,0,0,0,0,0,0,0,0,0,0
2021-07-08,999.0,0.0,7387.0,0.0,4228.0,0.0,0,0,0,0,0,0,0,0,0,0,0,0,0,0,0
2021-07-09,2079.0,1839.0,1952.0,4141.0,2653.0,13105.0,0,0,0,0,0,0,0,0,0,0,0,0,0,0,0
2021-07-10,2468.0,1681.0,10080.0,4450.0,0.0,4989.0,0,0,0,0,0,0,0,0,0,0,0,0,0,0,0
2021-07-11,3026.0,0.0,4728.0,3556.0,3792.0,11946.0,0,0,0,0,0,0,0,0,0,0,0,0,0,0,0
2021-07-12,2170.0,0.0,0.0,3627.0,4098.0,5898.0,0,0,0,0,0,0,0,0,0,0,0,0,0,0,0
2021-07-13,986.0,2339.0,4000.0,3680.0,1008.0,0.0,0,0,0,0,0,0,0,0,0,0,0,0,0,0,0
2021-07-14,872.0,2306.0,3645.0,4752.0,3713.0,5357.0,0,0,0,0,0,0,0,0,0,0,0,0,0,0,0
2021-07-15,927.0,0.0,0.0,3434.0,0.0,7958.0,0,0,0,0,0,0,0,0,0,0,0,0,0,0,0
2021-07-16,1972.0,2512.0,0.0,3874.0,4205.0,9299.0,0,0,0,0,0,0,0,0,0,0,0,0,0,0,0
2021-07-17,2692.0,1860.0,4402.0,4614.0,3873.0,7373.0,0,0,0,0,0,0,0,0,0,0,0,0,0,0,0
2021-07-18,2942.0,654.0,3185.0,3931.0,0.0,10880.0,0,0,0,0,0,0,0,0,0,0,0,0,0,0,0
2021-07-19,2157.0,0.0,3643.0,3853.0,2513.0,0.0,0,0,0,0,0,0,0,0,0,0,0,0,0,0,0
2021-07-20,1348.0,1879.0,11249.0,3644.0,3213.0,9824.0,0,0,0,0,0,0,0,0,0,0,0,0,0,0,0
2021-07-21,800.0,2715.0,2350.0,0.0,2560.0,10329.0,0,0,0,0,0,0,0,0,0,0,0,0,0,0,0
2021-07-22,1154.0,0.0,5795.0,4448.0,1866.0,4261.0,0,0,0,0,0,0,0,0,0,0,0,0,0,0,0
2021-07-23,1982.0,2039.0,3766.0,3916.0,0.0,9693.0,0,0,0,0,0,0,0,0,0,0,0,0,0,0,0
2021-07-24,2812.0,1410.0,3509.0,3839.0,3933.0,6182.0,0,0,0,0,0,0,0,0,0,0,0,0,0,0,0
2021-07-25,2997.0,2059.0,162.0,3953.0,2328.0,0.0,0,0,0,0,0,0,0,0,0,0,0,0,0,0,0
2021-07-26,2256.0,0.0,6497.0,4264.0,3524.0,8631.0,0,0,0,0,0,0,0,0,0,0,0,0,0,0,0
2021-07-27,971.0,1549.0,0.0,3893.0,0.0,3563.0,0,0,0,0,0,0,0,0,0,0,0,0,0,0,0
2021-07-28,915.0,2979.0,6574.0,4784.0,3668.0,7861.0,0,0,0,0,0,0,0,0,0,0,0,0,0,0,0
2021-07-29,1101.0,0.0,5822.0,3994.0,3463.0,0.0,0,0,0,0,0,0,0,0,0,0,0,0,0,0,0
2021-07-30,2042.0,1771.0,5731.0,3996.0,3831.0,4885.0,0,0,0,0,0,0,0,0,0,0,0,0,0,0,0
2021-07-31,2633.0,2125.0,4517.0,3516.0,3562.0,7329.0,0,0,0,0,0,0,0,0,0,0,0,0,0,0,0
2021-08-01,2948.0,2178.0,0.0,4727.0,2930.0,12861.0,0,0,0,0,0,0,0,0,0,0,0,0,0,0,0
2021-08-02,2489.0,0.0,6031.0,4473.0,2137.0,13629.0,0,0,0,0,0,0,0,0,0,0,0,0,0,0,0
2021-08-03,1098.0,1793.0,0.0,4085.0,1813.0,3892.0,0,0,0,0,0,0,0,0,0,0,0,0,0,0,0
2021-08-04,594.0,0.0,197.0,0.0,0.0,10443.0,0,0,0,0,0,0,0,0,0,0,0,0,0,0,0
2021-08-05,929.0,2377.0,0.0,3348.0,2666.0,0.0,0,0,0,0,0,0,0,0,0,0,0,0,0,0,0
2021-08-06,1486.0,0.0,5833.0,0.0,0.0,0.0,0,0,0,0,0,0,0,0,0,0,0,0,0,0,0
2021-08-07,2596.0,0.0,5153.0,3070.0,3117.0,5619.0,0,0,0,0,0,0,0,0,0,0,0,0,0,0,0
2021-08-08,3046.0,2332.0,11875.0,4247.0,1620.0,13748.0,0,0,0,0,0,0,0,0,0,0,0,0,0,0,0
2021-08-09,2323.0,2165.0,9686.0,4422.0,3140.0,7127.0,0,0,0,0,0,0,0,0,0,0,0,0,0,0,0
2021-08-10,903.0,917.0,9560.0,0.0,1171.0,0.0,0,0,0,0,0,0,0,0,0,0,0,0,0,0,0
2021-08-11,584.0,0.0,2566.0,0.0,0.0,0.0,0,0,0,0,0,0,0,0,0,0,0,0,0,0,0
2021-08-12,969.0,0.0,4180.0,2472.0,2318.0,0.0,0,0,0,0,0,0,0,0,0,0,0,0,0,0,0
2021-08-13,1604.0,0.0,5888.0,0.0,0.0,7275.0,0,0,0,0,0,0,0,0,0,0,0,0,0,0,0
2021-08-14,2328.0,444.0,8776.0,3510.0,0.0,0.0,0,0,0,0,0,0,0,0,0,0,0,0,0,0,0
2021-08-15,2985.0,2965.0,4158.0,4111.0,4226.0,9501.0,0,0,0,0,0,0,0,0,0,0,0,0,0,0,0
2021-08-16,1987.0,2831.0,5038.0,4575.0,0.0,6193.0,0,0,0,0,0,0,0,0,0,0,0,0,0,0,0
2021-08-17,926.0,0.0,4997.0,0.0,3932.0,1636.0,0,0,0,0,0,0,0,0,0,0,0,0,0,0,0
2021-08-18,657.0,3091.0,1168.0,3585.0,0.0,0.0,0,0,0,0,0,0,0,0,0,0,0,0,0,0,0
2021-08-19,1085.0,2023.0,6163.0,3821.0,1876.0,12066.0,0,0,0,0,0,0,0,0,0,0,0,0,0,0,0
2021-08-20,1829.0,0.0,4617.0,3512.0,3076.0,9509.0,0,0,0,0,0,0,0,0,0,0,0,0,0,0,0
2021-08-21,2113.0,0.0,2620.0,3421.0,2740.0,1464.0,0,0,0,0,0,0,0,0,0,0,0,0,0,0,0
2021-08-22,2659.0,2133.0,0.0,3534.0,4480.0,10258.0,0,0,0,0,0,0,0,0,0,0,0,0,0,0,0
2021-08-23,1906.0,1906.0,6630.0,4171.0,0.0,9109.0,0,0,0,0,0,0,0,0,0,0,0,0,0,0,0
2021-08-24,831.0,0.0,4093.0,0.0,4323.0,4628.0,0,0,0,0,0,0,0,0,0,0,0,0,0,0,0
2021-08-25,781.0,1259.0,6172.0,4385.0,4219.0,8930.0,0,0,0,0,0,0,0,0,0,0,0,0,0,0,0
2021-08-26,820.0,0.0,3217.0,0.0,2862.0,9238.0,0,0,0,0,0,0,0,0,0,0,0,0,0,0,0
2021-08-27,1495.0,2863.0,2101.0,4810.0,0.0,4265.0,0,0,0,0,0,0,0,0,0,0,0,0,0,0,0
2021-08-28,2365.0,2373.0,4275.0,3756.0,2090.0,6259.0,0,0,0,0,0,0,0,0,0,0,0,0,0,0,0
2021-08-29,2144.0,1608.0,2344.0,3497.0,2230.0,3814.0,0,0,0,0,0,0,0,0,0,0,0,0,0,0,0
2021-08-30,1599.0,1688.0,0.0,0.0,1760.0,8253.0,0,0,0,0,0,0,0,0,0,0,0,0,0,0,0
2021-08-31,863.0,1891.0,4891.0,0.0,2783.0,12319.0,0,0,0,0,0,0,0,0,0,0,0,0,0,0,0
2021-09-01,716.0,1855.0,8631.0,3596.0,3657.0,10334.0,0,0,0,0,0,0,0,0,0,0,0,0,0,0,0
2021-09-02,843.0,0.0,0.0,4005.0,3684.0,0.0,0,0,0,0,0,0,0,0,0,0,0,0,0,0,0
2021-09-03,1529.0,1829.0,0.0,3387.0,4892.0,3543.0,0,0,0,0,0,0,0,0,0,0,0,0,0,0,0
2021-09-04,1836.0,0.0,5817.0,0.0,0.0,9925.0,0,0,0,0,0,0,0,0,0,0,0,0,0,0,0
2021-09-05,2066.0,0.0,6356.0,3714.0,0.0,6204.0,0,0,0,0,0,0,0,0,0,0,0,0,0,0,0
2021-09-06,1364.0,0.0,2601.0,4454.0,4660.0,2931.0,0,0,0,0,0,1,0,0,0,0,0,0,0,0,0
2021-09-07,838.0,0.0,0.0,3687.0,2523.0,7581.0,0,0,0,0,0,0,0,0,0,0,0,0,0,0,0
2021-09-08,579.0,1736.0,7054.0,4277.0,3417.0,0.0,0,0,0,0,0,0,0,0,0,0,0,0,0,0,0
2021-09-09,1001.0,2310.0,3818.0,4320.0,3770.0,13173.0,0,0,0,0,0,0,0,0,0,0,0,0,0,0,0
2021-09-10,1553.0,1901.0,11067.0,3701.0,1566.0,0.0,0,0,0,0,0,0,0,0,0,0,0,0,0,0,0
2021-09-11,2169.0,0.0,5738.0,4100.0,3265.0,10680.0,0,0,0,0,0,0,0,0,0,0,0,0,0,0,0
2021-09-12,1968.0,0.0,3151.0,0.0,2523.0,6919.0,0,0,0,0,0,0,0,0,0,0,0,0,0,0,0
2021-09-13,1510.0,1967.0,5335.0,0.0,2538.0,7384.0,0,0,0,0,0,0,0,0,0,0,0,0,0,0,0
2021-09-14,684.0,777.0,0.0,0.0,1591.0,6734.0,0,0,0,0,0,0,0,0,0,0,0,0,0,0,0
2021-09-15,585.0,1589.0,0.0,4304.0,0.0,11202.0,0,0,0,0,0,0,0,0,0,0,0,0,0,0,0
2021-09-16,821.0,1998.0,0.0,4347.0,3401.0,4367.0,0,0,0,0,0,0,0,0,0,0,0,0,0,0,0
2021-09-17,1197.0,1478.0,0.0,4271.0,0.0,3598.0,0,0,0,0,0,0,0,0,0,0,0,0,0,0,0
2021-09-18,1563.0,0.0,2966.0,0.0,0.0,4385.0,0,0,0,0,0,0,0,0,0,0,0,0,0,0,0
2021-09-19,2106.0,2053.0,3366.0,3030.0,2787.0,0.0,0,0,0,0,0,0,0,0,0,0,0,0,0,0,0
2021-09-20,1664.0,2436.0,3678.0,4084.0,3030.0,8254.0,0,0,0,0,0,0,0,0,0,0,0,0,0,0,0
2021-09-21,810.0,0.0,8719.0,4653.0,0.0,12969.0,0,0,0,0,0,0,0,0,0,0,0,0,0,0,0
2021-09-22,477.0,1123.0,2826.0,0.0,3597.0,0.0,0,0,0,0,0,0,0,0,0,0,0,0,0,0,0
2021-09-23,673.0,0.0,0.0,4301.0,0.0,1851.0,0,0,0,0,0,0,0,0,0,0,0,0,0,0,0
2021-09-24,1292.0,1817.0,0.0,3739.0,2453.0,0.0,0,0,0,0,0,0,0,0,0,0,0,0,0,0,0
2021-09-25,1976.0,0.0,3769.0,4079.0,3013.0,5309.0,0,0,0,0,0,0,0,0,0,0,0,0,0,0,0
2021-09-26,2191.0,1232.0,0.0,4139.0,0.0,13796.0,0,0,0,0,0,0,0,0,0,0,0,0,0,0,0
2021-09-27,1562.0,0.0,6720.0,3298.0,4249.0,7160.0,0,0,0,0,0,0,0,0,0,0,0,0,0,0,0
2021-09-28,692.0,0.0,9310.0,0.0,2203.0,4846.0,0,0,0,0,0,0,0,0,0,0,0,0,0,0,0
2021-09-29,554.0,0.0,7231.0,4785.0,2533.0,7752.0,0,0,0,0,0,0,0,0,0,0,0,0,0,0,0
2021-09-30,860.0,0.0,6707.0,4430.0,2903.0,12249.0,0,0,0,0,0,0,0,0,0,0,0,0,0,0,0
2021-10-01,1371.0,2109.0,4822.0,4526.0,3101.0,2852.0,0,0,0,0,0,0,0,0,0,0,0,0,0,0,0
2021-10-02,1964.0,2412.0,6992.0,4252.0,2977.0,5968.0,0,0,0,0,0,0,0,0,0,0,0,0,0,0,0
2021-10-03,2273.0,964.0,3991.0,4220.0,5185.0,4511.0,0,0,0,0,0,0,0,0,0,0,0,0,0,0,0
2021-10-04,1515.0,2132.0,4165.0,3242.0,0.0,6916.0,0,0,0,0,0,0,0,0,0,0,0,0,0,0,0
2021-10-05,863.0,2117.0,3463.0,3593.0,4392.0,7144.0,0,0,0,0,0,0,0,0,0,0,0,0,0,0,0
2021-10-06,555.0,2109.0,0.0,3312.0,3546.0,8427.0,0,0,0,0,0,0,0,0,0,0,0,0,0,0,0
2021-10-07,755.0,1409.0,0.0,3434.0,4104.0,8133.0,0,0,0,0,0,0,0,0,0,0,0,0,0,0,0
2021-10-08,1272.0,1738.0,2612.0,0.0,3871.0,10840.0,0,0,0,0,0,0,0,0,0,0,0,0,0,0,0
2021-10-09,1869.0,1842.0,6568.0,4120.0,0.0,10162.0,0,0,0,0,0,0,0,0,0,0,0,0,0,0,0
2021-10-10,2056.0,995.0,0.0,3899.0,2698.0,7007.0,0,0,0,0,0,0,0,0,0,0,0,0,0,0,0
2021-10-11,1373.0,2210.0,6994.0,3409.0,2818.0,7760.0,0,0,0,0,0,0,1,0,0,0,0,0,0,0,0
2021-10-12,711.0,0.0,6481.0,0.0,3043.0,6224.0,0,0,0,0,0,0,0,0,0,0,0,0,0,0,0
2021-10-13,444.0,0.0,9921.0,0.0,0.0,1493.0,0,0,0,0,0,0,0,0,0,0,0,0,0,0,0
2021-10-14,728.0,2094.0,3064.0,3276.0,0.0,5922.0,0,0,0,0,0,0,0,0,0,0,0,0,0,0,0
2021-10-15,1511.0,2142.0,7165.0,4362.0,3619.0,6722.0,0,0,0,0,0,0,0,0,0,0,0,0,0,0,0
2021-10-16,1641.0,0.0,0.0,3716.0,3075.0,10665.0,0,0,0,0,0,0,0,0,0,0,0,0,0,0,0
2021-10-17,2310.0,0.0,3755.0,3768.0,3182.0,8578.0,0,0,0,0,0,0,0,0,0,0,0,0,0,0,0
2021-10-18,1967.0,1627.0,9843.0,4796.0,5907.0,5417.0,0,0,0,0,0,0,0,0,0,0,0,0,0,0,0
2021-10-19,880.0,0.0,6075.0,4494.0,1644.0,5545.0,0,0,0,0,0,0,0,0,0,0,0,0,0,0,0
2021-10-20,603.0,0.0,5927.0,3354.0,2576.0,7429.0,0,0,0,0,0,0,0,0,0,0,0,0,0,0,0
2021-10-21,826.0,0.0,5117.0,3666.0,3872.0,8114.0,0,0,0,0,0,0,0,0,0,0,0,0,0,0,0
2021-10-22,1446.0,0.0,3843.0,3246.0,1759.0,7458.0,0,0,0,0,0,0,0,0,0,0,0,0,0,0,0
2021-10-23,1942.0,1964.0,2789.0,3346.0,0.0,8754.0,0,0,0,0,0,0,0,0,0,0,0,0,0,0,0
2021-10-24,2676.0,2292.0,9710.0,4096.0,4108.0,3667.0,0,0,0,0,0,0,0,0,0,0,0,0,0,0,0
2021-10-25,1512.0,2446.0,0.0,3755.0,2134.0,0.0,0,0,0,0,0,0,0,0,0,0,0,0,0,0,0
2021-10-26,841.0,0.0,5202.0,3753.0,3296.0,3722.0,0,0,0,0,0,0,0,0,0,0,0,0,0,0,0
2021-10-27,630.0,2194.0,9130.0,3518.0,0.0,8102.0,0,0,0,0,0,0,0,0,0,0,0,0,0,0,0
2021-10-28,674.0,1489.0,2923.0,0.0,0.0,3667.0,0,0,0,0,0,0,0,0,0,0,0,0,0,0,0
2021-10-29,1650.0,1670.0,7825.0,4386.0,0.0,3640.0,0,0,0,0,0,0,0,0,0,0,0,0,0,0,0
2021-10-30,1641.0,0.0,0.0,0.0,3313.0,0.0,0,0,0,0,0,0,0,0,0,0,0,0,0,0,0
2021-10-31,2742.0,2904.0,7873.0,4019.0,2864.0,10209.0,0,0,0,0,0,0,0,0,0,0,0,0,0,0,0
2021-11-01,1579.0,2496.0,8340.0,0.0,2696.0,7784.0,0,0,0,0,0,0,0,0,0,0,0,0,0,0,0
2021-11-02,817.0,0.0,2266.0,3195.0,0.0,8040.0,0,0,0,0,0,0,0,0,0,0,0,0,0,0,0
2021-11-03,546.0,2270.0,0.0,0.0,3400.0,0.0,0,0,0,0,0,0,0,0,0,0,0,0,0,0,0
2021-11-04,911.0,1829.0,0.0,4133.0,2263.0,7721.0,0,0,0,0,0,0,0,0,0,0,0,0,0,0,0
2021-11-05,1444.0,2407.0,5544.0,0.0,2693.0,7277.0,0,0,0,0,0,0,0,0,0,0,0,0,0,0,0
2021-11-06,1992.0,1897.0,3246.0,0.0,3915.0,6246.0,0,0,0,0,0,0,0,0,0,0,0,0,0,0,0
2021-11-07,2550.0,1774.0,0.0,4655.0,4088.0,13299.0,0,0,0,0,0,0,0,0,0,0,0,0,0,0,0
2021-11-08,1904.0,2243.0,5235.0,4522.0,3165.0,0.0,0,0,0,0,0,0,0,0,0,0,0,0,0,0,0
2021-11-09,1061.0,2248.0,4759.0,3890.0,3155.0,6014.0,0,0,0,0,0,0,0,0,0,0,0,0,0,0,0
2021-11-10,683.0,1685.0,8895.0,4673.0,1517.0,0.0,0,0,0,0,0,0,0,0,0,0,0,0,0,0,0
2021-11-11,786.0,0.0,3926.0,3817.0,4591.0,4441.0,0,0,0,0,0,0,0,1,0,0,0,0,0,0,0
2021-11-12,1743.0,1312.0,2526.0,3668.0,1735.0,8132.0,0,0,0,0,0,0,0,0,0,0,0,0,0,0,0
2021-11-13,2180.0,2411.0,6801.0,3153.0,2825.0,0.0,0,0,0,0,0,0,0,0,0,0,0,0,0,0,0
2021-11-14,2400.0,2278.0,0.0,4139.0,3359.0,0.0,0,0,0,0,0,0,0,0,0,0,0,0,0,0,0
2021-11-15,1839.0,2118.0,9234.0,0.0,2203.0,5064.0,0,0,0,0,0,0,0,0,0,0,0,0,0,0,0
2021-11-16,1056.0,2246.0,6523.0,3710.0,2638.0,7055.0,0,0,0,0,0,0,0,0,0,0,0,0,0,0,0
2021-11-17,622.0,2014.0,4015.0,3392.0,0.0,6509.0,0,0,0,0,0,0,0,0,0,0,0,0,0,0,0
2021-11-18,985.0,2896.0,6553.0,3371.0,1173.0,5169.0,0,0,0,0,0,0,0,0,0,0,0,0,0,0,0
2021-11-19,1836.0,2594.0,5531.0,3003.0,4326.0,7476.0,0,0,0,0,0,0,0,0,0,0,0,0,0,0,0
2021-11-20,2263.0,2730.0,0.0,3700.0,0.0,2046.0,0,0,0,0,0,0,0,0,0,0,0,0,0,0,0
2021-11-21,2236.0,0.0,1466.0,3577.0,1923.0,0.0,0,0,0,0,0,0,0,0,0,0,0,0,0,0,0
2021-11-22,2162.0,2093.0,4175.0,4366.0,4303.0,8137.0,0,0,0,0,0,0,0,0,0,0,0,0,0,0,0
2021-11-23,1082.0,2655.0,2205.0,4502.0,3541.0,6846.0,0,0,0,0,0,0,0,0,0,0,0,0,0,0,0
2021-11-24,569.0,2437.0,0.0,0.0,2521.0,1336.0,0,0,0,0,0,0,0,0,0,0,0,0,0,0,0
2021-11-25,952.0,2091.0,6088.0,3425.0,4788.0,9793.0,0,0,0,0,0,0,0,0,1,0,0,0,0,0,0
2021-11-26,1943.0,1642.0,3192.0,3521.0,3275.0,6295.0,0,0,0,0,0,0,0,0,0,0,0,0,0,0,0
2021-11-27,2355.0,1152.0,4685.0,3594.0,2775.0,8549.0,0,0,0,0,0,0,0,0,0,0,0,0,0,0,0
2021-11-28,2785.0,1445.0,5156.0,3574.0,2991.0,9644.0,0,0,0,0,0,0,0,0,0,0,0,0,0,0,0
2021-11-29,2013.0,1378.0,4385.0,4537.0,0.0,9008.0,0,0,0,0,0,0,0,0,0,0,0,0,0,0,0
2021-11-30,811.0,1460.0,0.0,3652.0,2604.0,0.0,0,0,0,0,0,0,0,0,0,0,0,0,0,0,0
2021-12-01,653.0,1505.0,4614.0,3257.0,2850.0,0.0,0,0,0,0,0,0,0,0,0,0,0,0,0,0,0
2021-12-02,1106.0,0.0,8492.0,4008.0,2165.0,12466.0,0,0,0,0,0,0,0,0,0,0,0,0,0,0,0
2021-12-03,1676.0,0.0,4227.0,4005.0,0.0,8751.0,0,0,0,0,0,0,0,0,0,0,0,0,0,0,0
2021-12-04,2400.0,1529.0,0.0,4040.0,3526.0,7523.0,0,0,0,0,0,0,0,0,0,0,0,0,0,0,0
2021-12-05,2185.0,0.0,6670.0,3395.0,0.0,0.0,0,0,0,0,0,0,0,0,0,0,0,0,0,0,0
2021-12-06,1766.0,0.0,5950.0,3947.0,1967.0,0.0,0,0,0,0,0,0,0,0,0,0,0,0,0,0,0
2021-12-07,990.0,2698.0,6233.0,4050.0,2133.0,6262.0,0,0,0,0,0,0,0,0,0,0,0,0,0,0,0
2021-12-08,673.0,1959.0,5464.0,4823.0,2496.0,0.0,0,0,0,0,0,0,0,0,0,0,0,0,0,0,0
2021-12-09,1022.0,1964.0,4350.0,3197.0,2095.0,0.0,0,0,0,0,0,0,0,0,0,0,0,0,0,0,0
2021-12-10,1886.0,1710.0,3001.0,4806.0,3516.0,4717.0,0,0,0,0,0,0,0,0,0,0,0,0,0,0,0
2021-12-11,1754.0,0.0,0.0,0.0,2805.0,2201.0,0,0,0,0,0,0,0,0,0,0,0,0,0,0,0
2021-12-12,2283.0,0.0,6687.0,4170.0,0.0,8477.0,0,0,0,0,0,0,0,0,0,0,0,0,0,0,0
2021-12-13,1860.0,1962.0,5881.0,4532.0,0.0,0.0,0,0,0,0,0,0,0,0,0,0,0,0,0,0,0
2021-12-14,969.0,2153.0,6067.0,4053.0,4330.0,3729.0,0,0,0,0,0,0,0,0,0,0,0,0,0,0,0
2021-12-15,625.0,2002.0,5759.0,3754.0,3407.0,0.0,0,0,0,0,0,0,0,0,0,0,0,0,0,0,0
2021-12-16,986.0,1785.0,8477.0,2532.0,2997.0,7444.0,0,0,0,0,0,0,0,0,0,0,0,0,0,0,0
2021-12-17,1463.0,1775.0,0.0,4744.0,2854.0,3757.0,0,0,0,0,0,0,0,0,0,0,0,0,0,0,0
2021-12-18,1928.0,1671.0,4208.0,4592.0,0.0,0.0,0,0,0,0,0,0,0,0,0,0,0,0,0,0,0
2021-12-19,2030.0,0.0,2696.0,4090.0,2181.0,0.0,0,0,0,0,0,0,0,0,0,0,0,0,0,0,0
2021-12-20,1640.0,1549.0,978.0,3373.0,2198.0,9210.0,0,0,0,0,0,0,0,0,0,0,0,0,0,0,0
2021-12-21,690.0,0.0,0.0,0.0,0.0,10682.0,0,0,0,0,0,0,0,0,0,0,0,0,0,0,0
2021-12-22,599.0,2008.0,5756.0,4557.0,0.0,9822.0,0,0,0,0,0,0,0,0,0,0,0,0,0,0,0
2021-12-23,837.0,2696.0,5117.0,0.0,5251.0,11998.0,0,0,0,0,0,0,0,0,0,0,0,0,0,0,0
2021-12-24,849.0,2140.0,4160.0,0.0,0.0,11187.0,0,0,0,0,0,0,0,0,0,0,0,0,0,1,0
2021-12-25,2215.0,0.0,0.0,4649.0,2651.0,5565.0,0,0,0,0,0,0,0,0,0,1,0,0,0,0,0
2021-12-26,2172.0,1832.0,4778.0,3161.0,0.0,9929.0,0,0,0,0,0,0,0,0,0,0,0,0,0,0,0
2021-12-27,1678.0,0.0,4502.0,3903.0,0.0,10588.0,0,0,0,0,0,0,0,0,0,0,0,0,0,0,0
2021-12-28,879.0,1944.0,3207.0,3842.0,2501.0,0.0,0,0,0,0,0,0,0,0,0,0,0,0,0,0,0
2021-12-29,466.0,2501.0,8893.0,0.0,0.0,0.0,0,0,0,0,0,0,0,0,0,0,0,0,0,0,0
2021-12-30,733.0,0.0,5474.0,3630.0,0.0,0.0,0,0,0,0,0,0,0,0,0,0,0,0,0,0,0
