date,sales,promo,radio,search,social,tv
2019-01-01,784.0,2003.0,4779.0,4603.0,2123.0,14120.0
2019-01-02,865.0,2210.0,2676.0,4028.0,0.0,7076.0
2019-01-03,803.0,0.0,7219.0,4037.0,4000.0,4118.0
2019-01-04,808.0,0.0,7826.0,3722.0,0.0,2926.0
2019-01-05,871.0,1076.0,7877.0,4353.0,1771.0,10259.0
2019-01-06,774.0,1872.0,8861.0,3837.0,0.0,3731.0
2019-01-07,841.0,0.0,0.0,3739.0,2551.0,10822.0
2019-01-08,784.0,2007.0,5791.0,0.0,4829.0,5402.0
2019-01-09,785.0,2005.0,4677.0,4543.0,3619.0,0.0
2019-01-10,819.0,1879.0,5885.0,3565.0,2836.0,0.0
2019-01-11,907.0,1207.0,7404.0,4142.0,2473.0,8121.0
2019-01-12,899.0,0.0,9444.0,0.0,3703.0,8402.0
2019-01-13,875.0,2198.0,4108.0,4291.0,0.0,4380.0
2019-01-14,852.0,1695.0,6907.0,4156.0,3873.0,7284.0
2019-01-15,851.0,0.0,4761.0,4210.0,4000.0,9268.0
2019-01-16,968.0,1816.0,3918.0,4355.0,3413.0,8951.0
2019-01-17,934.0,1167.0,0.0,0.0,4079.0,0.0
2019-01-18,840.0,2736.0,6641.0,3857.0,2744.0,11570.0
2019-01-19,880.0,2486.0,7653.0,0.0,0.0,9594.0
2019-01-20,890.0,0.0,2402.0,2777.0,2839.0,0.0
2019-01-21,869.0,0.0,4144.0,3267.0,1152.0,0.0
2019-01-22,879.0,0.0,1690.0,3393.0,2294.0,9268.0
2019-01-23,903.0,3245.0,5795.0,4354.0,3584.0,1434.0
2019-01-24,849.0,2092.0,5450.0,3400.0,0.0,1884.0
2019-01-25,875.0,1473.0,3468.0,0.0,3033.0,5914.0
2019-01-26,862.0,0.0,7014.0,3530.0,2225.0,5675.0
2019-01-27,877.0,0.0,0.0,3430.0,2146.0,0.0
2019-01-28,758.0,2019.0,2565.0,3536.0,4202.0,2738.0
2019-01-29,844.0,2741.0,0.0,3919.0,2011.0,10974.0
2019-01-30,784.0,0.0,7014.0,4436.0,3076.0,0.0
2019-01-31,844.0,1615.0,0.0,3882.0,3071.0,8335.0
2019-02-01,909.0,0.0,6813.0,4762.0,4235.0,9614.0
2019-02-02,962.0,1688.0,4637.0,3559.0,3041.0,0.0
2019-02-03,870.0,2704.0,5624.0,0.0,0.0,6415.0
2019-02-04,807.0,1519.0,8302.0,3134.0,3051.0,9326.0
2019-02-05,786.0,0.0,448.0,3557.0,4002.0,6653.0
2019-02-06,724.0,1685.0,8267.0,2908.0,0.0,5930.0
2019-02-07,857.0,1977.0,0.0,5397.0,2566.0,5609.0
2019-02-08,856.0,0.0,2735.0,4141.0,3379.0,10571.0
2019-02-09,923.0,2301.0,2038.0,3659.0,4045.0,7813.0
2019-02-10,863.0,1679.0,2890.0,0.0,5641.0,0.0
2019-02-11,838.0,1919.0,5201.0,3667.0,1921.0,5663.0
2019-02-12,780.0,1353.0,1564.0,3171.0,1520.0,7350.0
2019-02-13,859.0,2656.0,2541.0,3157.0,2411.0,0.0
2019-02-14,886.0,2360.0,5813.0,4895.0,0.0,4377.0
2019-02-15,1030.0,2041.0,4833.0,3636.0,0.0,9795.0
2019-02-16,887.0,1886.0,7674.0,3535.0,0.0,7360.0
2019-02-17,878.0,1988.0,5107.0,4382.0,0.0,7925.0
2019-02-18,870.0,2051.0,6790.0,3547.0,0.0,7236.0
2019-02-19,908.0,0.0,3535.0,3781.0,3022.0,11575.0
2019-02-20,791.0,1886.0,4861.0,3656.0,3054.0,7857.0
2019-02-21,844.0,0.0,4712.0,3941.0,3800.0,4946.0
2019-02-22,811.0,0.0,9318.0,3267.0,0.0,9187.0
2019-02-23,849.0,0.0,4330.0,2888.0,0.0,13315.0
2019-02-24,853.0,1336.0,0.0,4792.0,1649.0,0.0
2019-02-25,951.0,2065.0,0.0,4841.0,4635.0,0.0
2019-02-26,873.0,2675.0,4173.0,0.0,0.0,8123.0
2019-02-27,908.0,0.0,3440.0,3853.0,0.0,6922.0
2019-02-28,908.0,2271.0,5246.0,3618.0,2356.0,7254.0
2019-03-01,960.0,1664.0,6400.0,0.0,4016.0,0.0
2019-03-02,808.0,0.0,6085.0,0.0,1394.0,9827.0
2019-03-03,813.0,2388.0,0.0,3392.0,0.0,10379.0
2019-03-04,773.0,1915.0,7794.0,4098.0,3379.0,10458.0
2019-03-05,789.0,2612.0,5556.0,3906.0,2723.0,5741.0
2019-03-06,857.0,2390.0,1061.0,3972.0,0.0,4913.0
2019-03-07,888.0,0.0,1754.0,3605.0,0.0,5000.0
2019-03-08,909.0,1483.0,0.0,3877.0,2675.0,0.0
2019-03-09,867.0,0.0,7346.0,3539.0,2163.0,3608.0
2019-03-10,842.0,1455.0,6106.0,0.0,4848.0,6399.0
2019-03-11,810.0,1396.0,3557.0,4362.0,1989.0,0.0
2019-03-12,906.0,2764.0,2273.0,2783.0,2267.0,0.0
2019-03-13,859.0,1848.0,4619.0,4383.0,1284.0,6334.0
2019-03-14,901.0,2513.0,690.0,4121.0,3842.0,11887.0
2019-03-15,859.0,0.0,4605.0,0.0,2266.0,2645.0
2019-03-16,803.0,2269.0,8488.0,0.0,3988.0,0.0
2019-03-17,783.0,2215.0,6423.0,0.0,1820.0,0.0
2019-03-18,815.0,194.0,6927.0,0.0,808.0,7960.0
2019-03-19,851.0,2578.0,9707.0,4951.0,0.0,5170.0
2019-03-20,810.0,1810.0,5309.0,0.0,2288.0,7906.0
2019-03-21,735.0,0.0,6512.0,4115.0,0.0,11943.0
2019-03-22,934.0,1889.0,5590.0,0.0,3995.0,0.0
2019-03-23,847.0,934.0,0.0,3436.0,3220.0,0.0
2019-03-24,808.0,1444.0,2983.0,0.0,1211.0,5401.0
2019-03-25,820.0,0.0,0.0,4298.0,1456.0,6782.0
2019-03-26,855.0,2155.0,3626.0,3545.0,4315.0,0.0
2019-03-27,822.0,1795.0,2161.0,0.0,2627.0,10130.0
2019-03-28,878.0,1367.0,5922.0,0.0,4123.0,6493.0
2019-03-29,809.0,2100.0,0.0,4178.0,4365.0,1092.0
2019-03-30,822.0,0.0,3856.0,3931.0,4032.0,11915.0
2019-03-31,876.0,0.0,0.0,3571.0,2943.0,7570.0
2019-04-01,838.0,3065.0,5119.0,3625.0,2062.0,8020.0
2019-04-02,831.0,1577.0,1752.0,3641.0,3162.0,7820.0
2019-04-03,848.0,2219.0,0.0,4897.0,2257.0,5891.0
2019-04-04,948.0,2354.0,4738.0,4669.0,1221.0,8309.0
2019-04-05,844.0,780.0,5051.0,0.0,3179.0,0.0
2019-04-06,925.0,1792.0,0.0,0.0,2861.0,0.0
2019-04-07,846.0,2248.0,2284.0,3162.0,1847.0,4075.0
2019-04-08,802.0,0.0,3619.0,3317.0,1444.0,7854.0
2019-04-09,885.0,0.0,0.0,3915.0,4130.0,5303.0
2019-04-10,909.0,0.0,0.0,3982.0,2256.0,11752.0
2019-04-11,930.0,0.0,0.0,3770.0,0.0,3620.0
2019-04-12,847.0,2228.0,7111.0,3721.0,2497.0,14904.0
2019-04-13,872.0,2019.0,3763.0,4034.0,4589.0,8203.0
2019-04-14,859.0,2888.0,1415.0,4090.0,2684.0,0.0
2019-04-15,844.0,1331.0,0.0,0.0,3099.0,0.0
2019-04-16,784.0,1394.0,6817.0,3704.0,3608.0,5844.0
2019-04-17,869.0,1538.0,9899.0,4942.0,2939.0,13445.0
2019-04-18,893.0,2086.0,6565.0,4369.0,0.0,15971.0
2019-04-19,977.0,1871.0,4371.0,4270.0,0.0,7792.0
2019-04-20,914.0,2435.0,6270.0,3740.0,3278.0,4292.0
2019-04-21,884.0,2400.0,2780.0,4514.0,3087.0,0.0
2019-04-22,866.0,1246.0,0.0,4015.0,2808.0,3363.0
2019-04-23,962.0,1218.0,0.0,0.0,1099.0,12435.0
2019-04-24,923.0,0.0,0.0,0.0,4303.0,2733.0
2019-04-25,973.0,2466.0,10418.0,3502.0,2645.0,0.0
2019-04-26,867.0,1484.0,0.0,3420.0,2568.0,6962.0
2019-04-27,926.0,2156.0,0.0,3739.0,0.0,7635.0
2019-04-28,931.0,0.0,8149.0,4007.0,2525.0,5388.0
2019-04-29,920.0,1094.0,6757.0,3889.0,3265.0,7042.0
2019-04-30,866.0,2400.0,3518.0,4128.0,0.0,0.0
2019-05-01,895.0,2505.0,4863.0,3457.0,2476.0,9936.0
2019-05-02,853.0,0.0,7862.0,3542.0,4266.0,12333.0
2019-05-03,911.0,0.0,0.0,3855.0,4162.0,5323.0
2019-05-04,889.0,2960.0,4944.0,3474.0,2361.0,9780.0
2019-05-05,930.0,0.0,4543.0,2999.0,3082.0,0.0
2019-05-06,974.0,2342.0,10756.0,4702.0,2832.0,0.0
2019-05-07,931.0,2416.0,3482.0,4553.0,1500.0,2789.0
2019-05-08,848.0,2395.0,7324.0,0.0,0.0,4887.0
2019-05-09,916.0,1546.0,4364.0,0.0,0.0,9290.0
2019-05-10,861.0,0.0,5680.0,4637.0,2201.0,4579.0
2019-05-11,886.0,2153.0,0.0,0.0,0.0,10838.0
2019-05-12,875.0,0.0,2851.0,0.0,1748.0,7788.0
2019-05-13,865.0,1901.0,5111.0,3798.0,3269.0,0.0
2019-05-14,918.0,2546.0,9504.0,4005.0,2984.0,9104.0
2019-05-15,860.0,0.0,8690.0,0.0,2766.0,0.0
2019-05-16,820.0,0.0,0.0,3646.0,2960.0,4712.0
2019-05-17,907.0,0.0,11696.0,0.0,0.0,9336.0
2019-05-18,908.0,1285.0,6564.0,4893.0,3028.0,3008.0
2019-05-19,831.0,0.0,2579.0,3763.0,0.0,8723.0
2019-05-20,820.0,570.0,0.0,3742.0,0.0,6719.0
2019-05-21,805.0,1387.0,7561.0,4529.0,4049.0,3049.0
2019-05-22,878.0,1869.0,5659.0,4234.0,3386.0,8712.0
2019-05-23,925.0,1965.0,3874.0,2231.0,1933.0,9239.0
2019-05-24,932.0,3353.0,2299.0,3793.0,2314.0,4221.0
2019-05-25,897.0,2153.0,6254.0,4794.0,2983.0,13434.0
2019-05-26,1053.0,1636.0,0.0,3465.0,3738.0,8481.0
2019-05-27,949.0,1367.0,0.0,0.0,4151.0,5927.0
2019-05-28,843.0,0.0,4951.0,0.0,2465.0,10847.0
2019-05-29,940.0,1842.0,1572.0,3803.0,0.0,12856.0
2019-05-30,979.0,1333.0,3708.0,4426.0,2534.0,13885.0
2019-05-31,898.0,2270.0,6326.0,0.0,0.0,10812.0
2019-06-01,938.0,0.0,6797.0,0.0,1909.0,0.0
2019-06-02,850.0,0.0,5033.0,0.0,3718.0,0.0
2019-06-03,854.0,0.0,6025.0,3940.0,5061.0,10408.0
2019-06-04,860.0,0.0,5613.0,3325.0,3309.0,0.0
2019-06-05,858.0,0.0,9655.0,0.0,0.0,11035.0
2019-06-06,866.0,1683.0,2652.0,4704.0,3903.0,8312.0
2019-06-07,927.0,0.0,3817.0,3584.0,2229.0,8826.0
2019-06-08,910.0,2353.0,3696.0,3213.0,1699.0,9687.0
2019-06-09,974.0,1775.0,4249.0,0.0,0.0,6905.0
2019-06-10,899.0,0.0,8348.0,4025.0,2540.0,6521.0
2019-06-11,925.0,1930.0,1261.0,3428.0,3792.0,0.0
2019-06-12,954.0,1694.0,4973.0,4525.0,3931.0,0.0
2019-06-13,963.0,3008.0,0.0,0.0,4751.0,5866.0
2019-06-14,891.0,999.0,3650.0,0.0,2491.0,3777.0
2019-06-15,949.0,0.0,3787.0,3447.0,3086.0,8577.0
2019-06-16,822.0,2215.0,2857.0,0.0,2074.0,0.0
2019-06-17,883.0,2185.0,4734.0,3426.0,2706.0,6951.0
2019-06-18,937.0,1725.0,0.0,3863.0,2524.0,11223.0
2019-06-19,950.0,1780.0,6089.0,3798.0,3575.0,8293.0
2019-06-20,1014.0,2371.0,4971.0,4102.0,0.0,5472.0
2019-06-21,895.0,1437.0,0.0,3047.0,4233.0,5177.0
2019-06-22,957.0,1802.0,4606.0,3915.0,3332.0,6537.0
2019-06-23,901.0,0.0,5907.0,3624.0,3871.0,7093.0
2019-06-24,962.0,2222.0,9418.0,4305.0,1868.0,14543.0
2019-06-25,979.0,2310.0,6137.0,0.0,1967.0,0.0
2019-06-26,851.0,0.0,2666.0,5043.0,0.0,7885.0
2019-06-27,1011.0,0.0,3156.0,3804.0,3266.0,7446.0
2019-06-28,920.0,1553.0,6082.0,3893.0,3276.0,5140.0
2019-06-29,883.0,0.0,5593.0,4587.0,966.0,7391.0
2019-06-30,929.0,2432.0,4296.0,3641.0,2961.0,7892.0
2019-07-01,920.0,2075.0,3353.0,4105.0,4680.0,6936.0
2019-07-02,935.0,1908.0,5906.0,4282.0,2459.0,0.0
2019-07-03,948.0,0.0,2901.0,3411.0,4723.0,14472.0
2019-07-04,931.0,2027.0,3964.0,3389.0,3285.0,1608.0
2019-07-05,999.0,2177.0,0.0,4031.0,1884.0,7704.0
2019-07-06,900.0,0.0,7069.0,3984.0,0.0,0.0
2019-07-07,980.0,2726.0,0.0,0.0,2877.0,10479.0
2019-07-08,863.0,2524.0,4135.0,0.0,3809.0,15715.0
2019-07-09,941.0,0.0,0.0,3073.0,3606.0,0.0
2019-07-10,888.0,1728.0,5458.0,4049.0,2754.0,6795.0
2019-07-11,994.0,1947.0,0.0,0.0,2394.0,5233.0
2019-07-12,911.0,1455.0,836.0,3825.0,3331.0,0.0
2019-07-13,864.0,0.0,0.0,2785.0,3790.0,7515.0
2019-07-14,1032.0,2152.0,8759.0,4439.0,3725.0,0.0
2019-07-15,907.0,2307.0,6222.0,3385.0,3043.0,4278.0
2019-07-16,864.0,0.0,2225.0,3690.0,2390.0,5133.0
2019-07-17,952.0,2161.0,0.0,3806.0,3166.0,2763.0
2019-07-18,990.0,2866.0,4207.0,0.0,0.0,2656.0
2019-07-19,827.0,1492.0,1256.0,4334.0,4733.0,15049.0
2019-07-20,918.0,1491.0,3899.0,4519.0,1961.0,0.0
2019-07-21,916.0,2393.0,0.0,2965.0,0.0,7904.0
2019-07-22,941.0,1736.0,0.0,0.0,3678.0,5739.0
2019-07-23,920.0,2260.0,0.0,0.0,3121.0,7163.0
2019-07-24,851.0,1920.0,6365.0,3503.0,0.0,9348.0
2019-07-25,890.0,2392.0,1845.0,0.0,3886.0,11388.0
2019-07-26,917.0,2631.0,2057.0,0.0,2157.0,9907.0
2019-07-27,929.0,0.0,0.0,3858.0,0.0,0.0
2019-07-28,889.0,2753.0,5230.0,4539.0,3902.0,7608.0
2019-07-29,874.0,1643.0,6576.0,3059.0,2674.0,8038.0
2019-07-30,882.0,2032.0,4802.0,3322.0,2796.0,5626.0
2019-07-31,914.0,0.0,2806.0,0.0,0.0,5103.0
2019-08-01,861.0,0.0,1274.0,3505.0,2038.0,15593.0
2019-08-02,893.0,852.0,7468.0,3878.0,2176.0,3844.0
2019-08-03,980.0,1820.0,0.0,3352.0,4089.0,4829.0
2019-08-04,952.0,0.0,5929.0,3229.0,3817.0,8295.0
2019-08-05,1044.0,2001.0,0.0,4064.0,4435.0,5330.0
2019-08-06,939.0,1726.0,7384.0,3024.0,2140.0,5651.0
2019-08-07,980.0,2535.0,4431.0,0.0,3221.0,10185.0
2019-08-08,968.0,0.0,0.0,3325.0,0.0,0.0
2019-08-09,907.0,1912.0,0.0,0.0,2917.0,2958.0
2019-08-10,875.0,0.0,5864.0,3137.0,5210.0,0.0
2019-08-11,963.0,1499.0,0.0,0.0,0.0,5228.0
2019-08-12,947.0,1768.0,6103.0,4344.0,2118.0,11210.0
2019-08-13,917.0,0.0,0.0,5053.0,1370.0,7312.0
2019-08-14,1071.0,1860.0,2248.0,3591.0,2399.0,7175.0
2019-08-15,913.0,2075.0,5670.0,3028.0,0.0,10580.0
2019-08-16,931.0,0.0,0.0,0.0,2762.0,3097.0
2019-08-17,901.0,2733.0,0.0,0.0,3351.0,6150.0
2019-08-18,912.0,2471.0,5805.0,3660.0,3502.0,0.0
2019-08-19,923.0,1721.0,9273.0,4601.0,3516.0,4555.0
2019-08-20,964.0,1927.0,0.0,3903.0,0.0,14124.0
2019-08-21,1029.0,1305.0,0.0,3845.0,0.0,0.0
2019-08-22,1099.0,1332.0,0.0,0.0,2429.0,11570.0
2019-08-23,1004.0,2564.0,2469.0,0.0,2978.0,4175.0
2019-08-24,999.0,0.0,4201.0,0.0,0.0,11507.0
2019-08-25,932.0,2061.0,0.0,3097.0,0.0,9144.0
2019-08-26,871.0,0.0,3851.0,0.0,3024.0,0.0
2019-08-27,896.0,2785.0,4789.0,0.0,3769.0,0.0
2019-08-28,985.0,1627.0,0.0,4025.0,3116.0,7072.0
2019-08-29,886.0,0.0,0.0,3961.0,0.0,13675.0
2019-08-30,953.0,2731.0,4845.0,0.0,3310.0,0.0
2019-08-31,899.0,1423.0,3916.0,0.0,3159.0,4883.0
2019-09-01,828.0,0.0,0.0,0.0,0.0,0.0
2019-09-02,882.0,833.0,0.0,0.0,2375.0,0.0
2019-09-03,833.0,1881.0,5161.0,3918.0,0.0,0.0
2019-09-04,928.0,2207.0,5215.0,4541.0,4926.0,8602.0
2019-09-05,916.0,1640.0,2402.0,4074.0,3190.0,12822.0
2019-09-06,943.0,2889.0,0.0,2694.0,2123.0,6155.0
2019-09-07,954.0,2347.0,9531.0,0.0,3480.0,8726.0
2019-09-08,925.0,0.0,0.0,4146.0,1920.0,9407.0
2019-09-09,965.0,0.0,6571.0,0.0,2146.0,11523.0
2019-09-10,928.0,1124.0,4221.0,3517.0,5198.0,4501.0
2019-09-11,977.0,2235.0,0.0,3279.0,0.0,4970.0
2019-09-12,906.0,2416.0,0.0,0.0,2707.0,0.0
2019-09-13,866.0,0.0,6750.0,0.0,2029.0,6404.0
2019-09-14,881.0,0.0,8987.0,4568.0,0.0,0.0
2019-09-15,910.0,1793.0,3252.0,0.0,0.0,11620.0
2019-09-16,909.0,0.0,0.0,0.0,2740.0,11330.0
2019-09-17,909.0,2559.0,5388.0,3700.0,0.0,6812.0
2019-09-18,876.0,2190.0,7830.0,3942.0,1128.0,8121.0
2019-09-19,1002.0,1361.0,6183.0,4639.0,3823.0,0.0
2019-09-20,989.0,1453.0,4322.0,0.0,1570.0,0.0
2019-09-21,1031.0,2088.0,8223.0,3988.0,0.0,0.0
2019-09-22,962.0,1611.0,5598.0,4331.0,2855.0,10955.0
2019-09-23,954.0,1902.0,5854.0,3614.0,1854.0,8922.0
2019-09-24,982.0,2771.0,5622.0,4775.0,2142.0,8720.0
2019-09-25,1007.0,0.0,3719.0,3673.0,4291.0,0.0
2019-09-26,1036.0,1414.0,3520.0,4234.0,3132.0,0.0
2019-09-27,1026.0,0.0,2782.0,4670.0,2525.0,7034.0
2019-09-28,1066.0,1382.0,0.0,0.0,4552.0,0.0
2019-09-29,891.0,0.0,3984.0,4191.0,2032.0,6484.0
2019-09-30,983.0,1741.0,1643.0,3681.0,3117.0,9546.0
2019-10-01,1011.0,2115.0,3172.0,4427.0,4327.0,0.0
2019-10-02,1038.0,2543.0,8016.0,3692.0,1945.0,13805.0
2019-10-03,1041.0,1729.0,1380.0,0.0,2601.0,12032.0
2019-10-04,1016.0,0.0,7331.0,0.0,3456.0,0.0
2019-10-05,966.0,0.0,0.0,4419.0,3315.0,4187.0
2019-10-06,970.0,2070.0,5201.0,3422.0,2700.0,0.0
2019-10-07,924.0,2352.0,3883.0,0.0,2385.0,3801.0
2019-10-08,1002.0,3073.0,0.0,4306.0,3465.0,5699.0
2019-10-09,994.0,3005.0,8201.0,4566.0,2940.0,9336.0
2019-10-10,997.0,0.0,5072.0,0.0,4595.0,13196.0
2019-10-11,984.0,2939.0,7325.0,0.0,4181.0,6709.0
2019-10-12,1025.0,455.0,0.0,3565.0,3328.0,6655.0
2019-10-13,1050.0,0.0,9115.0,4139.0,0.0,5424.0
2019-10-14,922.0,0.0,0.0,3208.0,3058.0,0.0
2019-10-15,1008.0,1674.0,4705.0,3637.0,2230.0,2050.0
2019-10-16,1019.0,0.0,4572.0,0.0,1577.0,0.0
2019-10-17,925.0,1199.0,7840.0,0.0,0.0,11250.0
2019-10-18,975.0,2122.0,0.0,4036.0,2441.0,9454.0
2019-10-19,897.0,1924.0,5141.0,0.0,2103.0,4052.0
2019-10-20,977.0,1459.0,4940.0,0.0,2693.0,4899.0
2019-10-21,941.0,1231.0,6227.0,4663.0,3719.0,0.0
2019-10-22,892.0,1974.0,6920.0,3278.0,3305.0,14186.0
2019-10-23,952.0,2311.0,1483.0,3959.0,3773.0,10162.0
2019-10-24,1003.0,2411.0,5661.0,3973.0,4997.0,0.0
2019-10-25,966.0,0.0,4726.0,4284.0,3865.0,0.0
2019-10-26,1025.0,2882.0,4503.0,3855.0,1802.0,0.0
2019-10-27,1044.0,0.0,0.0,4582.0,2729.0,7643.0
2019-10-28,955.0,2150.0,7968.0,3700.0,0.0,4975.0
2019-10-29,967.0,2226.0,2474.0,0.0,2226.0,0.0
2019-10-30,1081.0,2946.0,0.0,4582.0,0.0,4739.0
2019-10-31,955.0,1817.0,0.0,2924.0,3988.0,0.0
2019-11-01,903.0,2086.0,5286.0,4349.0,3037.0,0.0
2019-11-02,946.0,1889.0,4167.0,0.0,5744.0,2601.0
2019-11-03,906.0,1607.0,6983.0,3889.0,2472.0,11719.0
2019-11-04,1003.0,2583.0,4672.0,3983.0,3902.0,6543.0
2019-11-05,1077.0,1992.0,1233.0,0.0,4233.0,8344.0
2019-11-06,957.0,1453.0,7143.0,4912.0,0.0,10667.0
2019-11-07,928.0,1928.0,2582.0,0.0,1983.0,6205.0
2019-11-08,969.0,893.0,0.0,3772.0,3539.0,6216.0
2019-11-09,895.0,0.0,2920.0,3707.0,2085.0,10108.0
2019-11-10,952.0,1936.0,592.0,0.0,4082.0,0.0
2019-11-11,911.0,1216.0,2855.0,4045.0,579.0,12670.0
2019-11-12,952.0,1527.0,4692.0,4201.0,0.0,11033.0
2019-11-13,934.0,2741.0,0.0,3511.0,3347.0,9134.0
2019-11-14,977.0,1049.0,5485.0,3850.0,1034.0,7765.0
2019-11-15,923.0,0.0,3191.0,0.0,1567.0,12092.0
2019-11-16,918.0,1993.0,1371.0,3279.0,2981.0,8793.0
2019-11-17,967.0,2373.0,4081.0,2793.0,0.0,19282.0
2019-11-18,882.0,3171.0,2474.0,3444.0,3668.0,0.0
2019-11-19,983.0,2578.0,2156.0,3445.0,863.0,5723.0
2019-11-20,979.0,1972.0,0.0,3523.0,1833.0,6175.0
2019-11-21,1003.0,0.0,6767.0,5339.0,3938.0,0.0
2019-11-22,1074.0,1056.0,3750.0,3653.0,0.0,5467.0
2019-11-23,1038.0,1976.0,3404.0,2976.0,1718.0,6171.0
2019-11-24,942.0,2075.0,8897.0,0.0,0.0,6732.0
2019-11-25,964.0,0.0,3710.0,4061.0,1117.0,5660.0
2019-11-26,1018.0,2430.0,3337.0,3788.0,2762.0,0.0
2019-11-27,955.0,1591.0,0.0,3769.0,1872.0,7021.0
2019-11-28,934.0,1717.0,7330.0,2959.0,3792.0,2989.0
2019-11-29,934.0,2084.0,10972.0,3201.0,3946.0,0.0
2019-11-30,971.0,0.0,6306.0,3810.0,3985.0,14634.0
2019-12-01,1028.0,1989.0,2268.0,3725.0,2974.0,0.0
2019-12-02,939.0,1877.0,3341.0,3998.0,0.0,10601.0
2019-12-03,1011.0,0.0,7107.0,3972.0,1165.0,11061.0
2019-12-04,931.0,2402.0,8501.0,2880.0,2253.0,4212.0
2019-12-05,996.0,2269.0,0.0,3473.0,0.0,0.0
2019-12-06,938.0,2732.0,0.0,0.0,0.0,7498.0
2019-12-07,948.0,0.0,5844.0,0.0,2975.0,0.0
2019-12-08,898.0,2080.0,8952.0,0.0,4428.0,0.0
2019-12-09,895.0,0.0,4676.0,0.0,4027.0,0.0
2019-12-10,877.0,1717.0,4558.0,0.0,3902.0,9604.0
2019-12-11,999.0,1873.0,0.0,4058.0,0.0,8338.0
2019-12-12,889.0,0.0,2285.0,0.0,0.0,3831.0
2019-12-13,868.0,1722.0,0.0,3160.0,4266.0,5295.0
2019-12-14,946.0,1777.0,0.0,3969.0,4113.0,2573.0
2019-12-15,979.0,3090.0,0.0,3775.0,0.0,4192.0
2019-12-16,918.0,1924.0,6830.0,0.0,3319.0,8318.0
2019-12-17,913.0,0.0,0.0,4651.0,3339.0,9881.0
2019-12-18,860.0,0.0,4050.0,5031.0,2566.0,0.0
2019-12-19,1006.0,0.0,3686.0,3855.0,2582.0,6742.0
2019-12-20,961.0,1817.0,3335.0,3338.0,2863.0,10133.0
2019-12-21,967.0,1198.0,0.0,3856.0,3554.0,10846.0
2019-12-22,998.0,1748.0,5986.0,4624.0,0.0,8869.0
2019-12-23,934.0,2051.0,0.0,0.0,4576.0,8500.0
2019-12-24,1017.0,1704.0,4925.0,3868.0,2216.0,0.0
2019-12-25,945.0,1303.0,1277.0,0.0,2469.0,3244.0
2019-12-26,989.0,1312.0,3523.0,0.0,1552.0,1444.0
2019-12-27,943.0,0.0,0.0,4143.0,2422.0,9255.0
2019-12-28,861.0,0.0,0.0,0.0,0.0,8918.0
2019-12-29,955.0,2831.0,4269.0,3995.0,0.0,6884.0
2019-12-30,914.0,2245.0,0.0,3455.0,3888.0,6765.0
2019-12-31,992.0,2398.0,4823.0,5260.0,0.0,0.0
2020-01-01,915.0,0.0,9782.0,2884.0,0.0,0.0
2020-01-02,929.0,0.0,8957.0,4426.0,0.0,6672.0
2020-01-03,1015.0,2000.0,6495.0,3349.0,2892.0,6716.0
2020-01-04,965.0,3420.0,0.0,3626.0,4147.0,11097.0
2020-01-05,899.0,1279.0,1410.0,0.0,3048.0,8106.0
2020-01-06,941.0,948.0,4102.0,5074.0,1268.0,5707.0
2020-01-07,1037.0,1785.0,0.0,0.0,1823.0,4392.0
2020-01-08,968.0,2299.0,0.0,3416.0,3921.0,4100.0
2020-01-09,991.0,1106.0,5886.0,0.0,2881.0,9518.0
2020-01-10,1001.0,1715.0,4360.0,3660.0,2305.0,8577.0
2020-01-11,969.0,1182.0,5958.0,3877.0,2585.0,9014.0
2020-01-12,1110.0,2756.0,684.0,3792.0,2215.0,1891.0
2020-01-13,1058.0,0.0,4263.0,3568.0,1013.0,7443.0
2020-01-14,1000.0,0.0,6053.0,3363.0,3870.0,22.0
2020-01-15,1056.0,2131.0,7960.0,4287.0,2815.0,0.0
2020-01-16,979.0,1951.0,5831.0,4361.0,1399.0,9058.0
2020-01-17,1127.0,2688.0,0.0,3520.0,2136.0,930.0
2020-01-18,1075.0,1910.0,1133.0,4402.0,2866.0,9197.0
2020-01-19,1109.0,1910.0,4754.0,3846.0,0.0,8228.0
2020-01-20,1002.0,1936.0,5171.0,4078.0,3652.0,5975.0
2020-01-21,1019.0,1714.0,5397.0,4352.0,0.0,0.0
2020-01-22,1016.0,2140.0,0.0,3946.0,0.0,8236.0
2020-01-23,1041.0,0.0,5065.0,4100.0,3806.0,5623.0
2020-01-24,1034.0,2655.0,8693.0,3845.0,0.0,4753.0
2020-01-25,977.0,0.0,4698.0,3914.0,3618.0,10388.0
2020-01-26,1101.0,3041.0,2267.0,3706.0,3494.0,0.0
2020-01-27,947.0,1535.0,5777.0,0.0,2749.0,6366.0
2020-01-28,1021.0,1038.0,5393.0,4247.0,0.0,6344.0
2020-01-29,1185.0,2095.0,7820.0,3836.0,1445.0,12209.0
2020-01-30,1040.0,1250.0,4613.0,3520.0,1303.0,8610.0
2020-01-31,1122.0,0.0,2803.0,3659.0,4778.0,9202.0
2020-02-01,1048.0,0.0,1115.0,3915.0,2949.0,3524.0
2020-02-02,927.0,0.0,5971.0,3314.0,4675.0,8920.0
2020-02-03,1020.0,0.0,0.0,0.0,1748.0,9035.0
2020-02-04,1075.0,1836.0,3648.0,0.0,4187.0,4816.0
2020-02-05,999.0,1261.0,0.0,3163.0,0.0,5525.0
2020-02-06,937.0,0.0,2049.0,3779.0,1262.0,4817.0
2020-02-07,917.0,1247.0,2686.0,3470.0,3603.0,6093.0
2020-02-08,967.0,2576.0,4610.0,3758.0,0.0,0.0
2020-02-09,1044.0,2546.0,0.0,4551.0,0.0,5809.0
2020-02-10,1023.0,1346.0,811.0,3813.0,3310.0,10032.0
2020-02-11,1072.0,0.0,4077.0,0.0,2858.0,0.0
2020-02-12,958.0,2337.0,9947.0,0.0,3687.0,6898.0
2020-02-13,963.0,1571.0,0.0,4183.0,5362.0,0.0
2020-02-14,1010.0,2029.0,0.0,3458.0,3974.0,7983.0
2020-02-15,961.0,0.0,2089.0,3922.0,1610.0,7316.0
2020-02-16,1064.0,642.0,4423.0,0.0,0.0,9050.0
2020-02-17,1024.0,2573.0,0.0,3625.0,3744.0,11673.0
2020-02-18,1016.0,2110.0,0.0,0.0,0.0,7175.0
2020-02-19,955.0,0.0,0.0,0.0,2558.0,3238.0
2020-02-20,918.0,2998.0,4795.0,0.0,2797.0,0.0
2020-02-21,926.0,1708.0,0.0,3628.0,3287.0,0.0
2020-02-22,921.0,1890.0,5265.0,4222.0,1897.0,9192.0
2020-02-23,973.0,1918.0,3377.0,0.0,0.0,1124.0
2020-02-24,1000.0,0.0,0.0,3049.0,3646.0,9916.0
2020-02-25,989.0,2528.0,0.0,3755.0,3740.0,4997.0
2020-02-26,983.0,0.0,2602.0,3769.0,3057.0,4994.0
2020-02-27,1068.0,1822.0,0.0,3924.0,0.0,0.0
2020-02-28,991.0,1886.0,0.0,0.0,0.0,13725.0
2020-02-29,1009.0,0.0,4720.0,0.0,3018.0,7100.0
2020-03-01,892.0,2351.0,10822.0,4181.0,3230.0,4904.0
2020-03-02,987.0,842.0,0.0,0.0,2969.0,0.0
2020-03-03,1053.0,1957.0,3967.0,4190.0,1330.0,8278.0
2020-03-04,945.0,1869.0,0.0,3637.0,3214.0,10420.0
2020-03-05,1066.0,1609.0,5393.0,2973.0,2405.0,0.0
2020-03-06,1038.0,2946.0,8534.0,3040.0,0.0,4766.0
2020-03-07,1070.0,1111.0,7178.0,3595.0,0.0,12049.0
2020-03-08,1073.0,0.0,4015.0,3196.0,5225.0,11130.0
2020-03-09,1107.0,2306.0,0.0,3981.0,4497.0,6805.0
2020-03-10,961.0,2497.0,10646.0,3149.0,0.0,8521.0
2020-03-11,1101.0,2499.0,0.0,3936.0,2818.0,9270.0
2020-03-12,1095.0,2155.0,5161.0,0.0,3053.0,11779.0
2020-03-13,1098.0,3388.0,0.0,3786.0,3041.0,9086.0
2020-03-14,1011.0,1452.0,8491.0,0.0,0.0,0.0
2020-03-15,988.0,2597.0,6809.0,4126.0,4347.0,0.0
2020-03-16,1139.0,2472.0,4008.0,3987.0,2901.0,0.0
2020-03-17,1087.0,1452.0,5122.0,0.0,1687.0,7944.0
2020-03-18,1197.0,2193.0,8031.0,0.0,3291.0,9428.0
2020-03-19,1134.0,2443.0,0.0,4574.0,0.0,9243.0
2020-03-20,1126.0,2110.0,2663.0,4254.0,0.0,7209.0
2020-03-21,1069.0,2274.0,2114.0,4180.0,2427.0,1723.0
2020-03-22,1051.0,1917.0,2978.0,0.0,2900.0,0.0
2020-03-23,1078.0,0.0,5311.0,3968.0,0.0,3712.0
2020-03-24,1125.0,1739.0,4402.0,3284.0,1484.0,0.0
2020-03-25,1069.0,2478.0,6219.0,3834.0,0.0,0.0
2020-03-26,1136.0,2694.0,0.0,3636.0,0.0,9128.0
2020-03-27,1050.0,2139.0,1617.0,3699.0,4190.0,8011.0
2020-03-28,1036.0,1765.0,0.0,3457.0,1882.0,14925.0
2020-03-29,978.0,0.0,6376.0,4604.0,2999.0,10920.0
2020-03-30,1079.0,2089.0,0.0,2948.0,3723.0,8985.0
2020-03-31,1055.0,0.0,0.0,2968.0,4482.0,6940.0
2020-04-01,1092.0,0.0,0.0,3650.0,2754.0,9302.0
2020-04-02,1049.0,2782.0,3110.0,0.0,3700.0,321.0
2020-04-03,1106.0,0.0,9918.0,4090.0,3900.0,6822.0
2020-04-04,1168.0,0.0,3788.0,4214.0,4584.0,7031.0
2020-04-05,1058.0,0.0,0.0,3117.0,2557.0,5238.0
2020-04-06,1145.0,0.0,0.0,2595.0,0.0,14315.0
2020-04-07,969.0,1918.0,2992.0,3702.0,3641.0,4203.0
2020-04-08,1084.0,0.0,5021.0,0.0,2450.0,6232.0
2020-04-09,1089.0,1981.0,5791.0,3407.0,4588.0,10385.0
2020-04-10,1136.0,0.0,2995.0,3933.0,4179.0,10004.0
2020-04-11,1064.0,0.0,0.0,3609.0,3837.0,17299.0
2020-04-12,1004.0,0.0,5848.0,3475.0,3754.0,0.0
2020-04-13,1011.0,1920.0,0.0,0.0,1880.0,0.0
2020-04-14,1149.0,0.0,1928.0,4595.0,0.0,9452.0
2020-04-15,925.0,0.0,2547.0,4756.0,0.0,0.0
2020-04-16,1118.0,2292.0,7555.0,3330.0,0.0,3951.0
2020-04-17,1052.0,2784.0,10110.0,0.0,2425.0,4450.0
2020-04-18,1062.0,2639.0,5551.0,4320.0,1776.0,0.0
2020-04-19,1012.0,2055.0,5264.0,4065.0,4789.0,0.0
2020-04-20,1064.0,0.0,5825.0,4388.0,3803.0,7381.0
2020-04-21,994.0,1590.0,7172.0,3680.0,4517.0,2319.0
2020-04-22,1082.0,0.0,0.0,3643.0,2702.0,7406.0
2020-04-23,1098.0,2528.0,907.0,4606.0,0.0,0.0
2020-04-24,1148.0,1664.0,0.0,0.0,4734.0,0.0
2020-04-25,1163.0,2016.0,5100.0,3726.0,929.0,6850.0
2020-04-26,1034.0,0.0,2311.0,3786.0,4281.0,11874.0
2020-04-27,1158.0,2049.0,4590.0,0.0,4657.0,0.0
2020-04-28,1073.0,2622.0,1160.0,3653.0,0.0,11067.0
2020-04-29,1047.0,2889.0,0.0,3349.0,2176.0,6975.0
2020-04-30,1057.0,1665.0,5700.0,4469.0,0.0,0.0
2020-05-01,1039.0,1391.0,0.0,3150.0,2814.0,0.0
2020-05-02,1124.0,2115.0,0.0,0.0,3834.0,8238.0
2020-05-03,971.0,0.0,9049.0,2950.0,0.0,0.0
2020-05-04,1007.0,0.0,3384.0,0.0,2661.0,8804.0
2020-05-05,1029.0,2449.0,0.0,0.0,3127.0,10449.0
2020-05-06,1014.0,2509.0,0.0,0.0,3286.0,0.0
2020-05-07,997.0,1361.0,0.0,3735.0,2827.0,9670.0
2020-05-08,977.0,0.0,3795.0,4576.0,0.0,0.0
2020-05-09,1004.0,2695.0,5355.0,0.0,3495.0,9305.0
2020-05-10,1077.0,0.0,5678.0,3521.0,0.0,8969.0
2020-05-11,1022.0,1515.0,2661.0,4463.0,0.0,0.0
2020-05-12,957.0,1482.0,6359.0,0.0,2589.0,6209.0
2020-05-13,936.0,2720.0,0.0,3045.0,2935.0,8688.0
2020-05-14,951.0,2310.0,0.0,3866.0,2624.0,6671.0
2020-05-15,1087.0,2748.0,0.0,4609.0,3729.0,0.0
2020-05-16,987.0,2172.0,4578.0,3505.0,3444.0,7247.0
2020-05-17,1105.0,0.0,0.0,3824.0,1977.0,11851.0
2020-05-18,1239.0,2427.0,3036.0,3243.0,4480.0,5832.0
2020-05-19,1018.0,1346.0,5816.0,3891.0,0.0,9000.0
2020-05-20,1046.0,2232.0,6318.0,3349.0,3588.0,7000.0
2020-05-21,1013.0,1715.0,3224.0,0.0,0.0,9798.0
2020-05-22,1036.0,0.0,7100.0,2982.0,4312.0,7717.0
2020-05-23,1068.0,2521.0,9187.0,4546.0,3321.0,7944.0
2020-05-24,1118.0,0.0,5577.0,4372.0,3997.0,5560.0
2020-05-25,1052.0,3037.0,0.0,4465.0,1451.0,6861.0
2020-05-26,1224.0,0.0,0.0,0.0,0.0,4003.0
2020-05-27,1129.0,2645.0,0.0,0.0,4732.0,9637.0
2020-05-28,1062.0,0.0,0.0,3464.0,0.0,6270.0
2020-05-29,976.0,2240.0,5299.0,0.0,1852.0,13140.0
2020-05-30,1064.0,0.0,3285.0,4079.0,0.0,10063.0
2020-05-31,1146.0,1624.0,7835.0,4125.0,0.0,6136.0
2020-06-01,1045.0,2224.0,4860.0,3961.0,3883.0,0.0
2020-06-02,1119.0,2019.0,1766.0,3498.0,2297.0,5344.0
2020-06-03,1198.0,1043.0,3941.0,2633.0,0.0,5900.0
2020-06-04,1055.0,2178.0,9158.0,4363.0,0.0,3468.0
2020-06-05,1123.0,0.0,0.0,0.0,3062.0,0.0
2020-06-06,1113.0,3060.0,3469.0,3624.0,0.0,2159.0
2020-06-07,1033.0,1736.0,7635.0,3923.0,0.0,4436.0
2020-06-08,1064.0,1871.0,0.0,0.0,0.0,0.0
2020-06-09,1038.0,2131.0,0.0,4317.0,0.0,0.0
2020-06-10,1102.0,2042.0,3860.0,4758.0,0.0,6297.0
2020-06-11,1187.0,2109.0,6509.0,3065.0,2039.0,5459.0
2020-06-12,1075.0,2228.0,7095.0,4089.0,4848.0,0.0
2020-06-13,1064.0,2445.0,0.0,3686.0,3553.0,0.0
2020-06-14,1192.0,1579.0,3554.0,2914.0,2861.0,6388.0
2020-06-15,1086.0,0.0,5270.0,3695.0,0.0,14221.0
2020-06-16,958.0,1956.0,11560.0,4287.0,3983.0,0.0
2020-06-17,992.0,1226.0,7034.0,0.0,0.0,6632.0
2020-06-18,987.0,0.0,0.0,4200.0,0.0,4555.0
2020-06-19,1080.0,2170.0,7855.0,3771.0,4885.0,14674.0
2020-06-20,1119.0,0.0,5678.0,4314.0,2496.0,5452.0
2020-06-21,1075.0,0.0,0.0,0.0,4170.0,7843.0
2020-06-22,1033.0,976.0,7866.0,3563.0,0.0,0.0
2020-06-23,1093.0,1598.0,0.0,3928.0,2299.0,10552.0
2020-06-24,1015.0,1378.0,0.0,3368.0,0.0,0.0
2020-06-25,1130.0,0.0,4692.0,0.0,0.0,8959.0
2020-06-26,990.0,0.0,5281.0,3406.0,0.0,0.0
2020-06-27,1040.0,0.0,3795.0,4013.0,0.0,11596.0
2020-06-28,1064.0,1926.0,0.0,4318.0,2647.0,3709.0
2020-06-29,1010.0,2042.0,8700.0,0.0,1504.0,0.0
2020-06-30,1072.0,1464.0,1077.0,4864.0,3520.0,7445.0
2020-07-01,966.0,0.0,0.0,0.0,0.0,7370.0
2020-07-02,1123.0,0.0,4759.0,3792.0,3019.0,12251.0
2020-07-03,1042.0,2876.0,7071.0,3186.0,0.0,87.0
2020-07-04,1062.0,1422.0,3537.0,3874.0,4140.0,10821.0
2020-07-05,1048.0,2413.0,0.0,3746.0,2518.0,6658.0
2020-07-06,1081.0,2742.0,3338.0,0.0,2550.0,9801.0
2020-07-07,1139.0,2374.0,4910.0,4288.0,0.0,0.0
2020-07-08,1149.0,1843.0,2521.0,3608.0,4086.0,10189.0
2020-07-09,1148.0,0.0,4074.0,4207.0,3692.0,0.0
2020-07-10,1154.0,0.0,4938.0,4697.0,3682.0,8097.0
2020-07-11,1191.0,0.0,2260.0,4400.0,0.0,0.0
2020-07-12,1106.0,0.0,2208.0,3248.0,2819.0,10398.0
2020-07-13,1093.0,1945.0,5830.0,0.0,2940.0,0.0
2020-07-14,1113.0,2453.0,2995.0,3950.0,3167.0,8475.0
2020-07-15,1104.0,2147.0,4811.0,4148.0,1146.0,0.0
2020-07-16,1238.0,0.0,0.0,3624.0,0.0,11413.0
2020-07-17,1140.0,2036.0,4122.0,3559.0,0.0,0.0
2020-07-18,1163.0,0.0,4542.0,4107.0,2064.0,4728.0
2020-07-19,1191.0,2060.0,7768.0,3605.0,0.0,0.0
2020-07-20,1074.0,2540.0,3039.0,3674.0,0.0,3888.0
2020-07-21,1043.0,1643.0,0.0,3926.0,0.0,10056.0
2020-07-22,1081.0,2729.0,1465.0,4340.0,2880.0,10743.0
2020-07-23,1183.0,1268.0,6568.0,4198.0,0.0,0.0
2020-07-24,1150.0,930.0,4914.0,3347.0,0.0,8000.0
2020-07-25,1123.0,0.0,4317.0,3634.0,4563.0,0.0
2020-07-26,1163.0,1696.0,0.0,3139.0,1943.0,0.0
2020-07-27,1128.0,2681.0,3741.0,4240.0,2248.0,0.0
2020-07-28,1073.0,1818.0,7155.0,3012.0,2694.0,0.0
2020-07-29,1110.0,1889.0,5839.0,3960.0,2522.0,2972.0
2020-07-30,1124.0,890.0,6792.0,3827.0,0.0,11650.0
2020-07-31,1158.0,695.0,0.0,3723.0,2986.0,7613.0
2020-08-01,1230.0,1972.0,2672.0,3566.0,2641.0,6847.0
2020-08-02,1090.0,1872.0,3768.0,0.0,3679.0,0.0
2020-08-03,1011.0,1321.0,5108.0,4183.0,4181.0,4718.0
2020-08-04,1095.0,2086.0,0.0,0.0,0.0,3882.0
2020-08-05,1094.0,0.0,4627.0,3556.0,2376.0,9962.0
2020-08-06,1125.0,2134.0,6333.0,3713.0,3620.0,6928.0
2020-08-07,1151.0,1855.0,0.0,4019.0,3193.0,12685.0
2020-08-08,1168.0,1394.0,5336.0,0.0,4273.0,2537.0
2020-08-09,1117.0,1738.0,0.0,0.0,3102.0,4178.0
2020-08-10,1089.0,1823.0,2622.0,3289.0,0.0,8671.0
2020-08-11,1224.0,0.0,10385.0,4100.0,1913.0,0.0
2020-08-12,1253.0,2607.0,5815.0,3315.0,2559.0,952.0
2020-08-13,1154.0,1129.0,0.0,0.0,2135.0,10095.0
2020-08-14,1139.0,2942.0,5475.0,4387.0,1792.0,0.0
2020-08-15,1227.0,1338.0,0.0,3393.0,0.0,0.0
2020-08-16,1109.0,0.0,6790.0,3634.0,2556.0,8302.0
2020-08-17,1215.0,1076.0,0.0,4131.0,870.0,5851.0
2020-08-18,1155.0,2545.0,5739.0,0.0,3321.0,3924.0
2020-08-19,1110.0,2521.0,0.0,4437.0,1666.0,0.0
2020-08-20,1081.0,0.0,10118.0,0.0,0.0,3459.0
2020-08-21,991.0,2143.0,0.0,3387.0,1052.0,0.0
2020-08-22,1061.0,0.0,0.0,3765.0,2944.0,2614.0
2020-08-23,1109.0,1767.0,8706.0,3994.0,0.0,0.0
2020-08-24,1101.0,1506.0,5869.0,3855.0,0.0,0.0
2020-08-25,1143.0,2742.0,5977.0,4208.0,3488.0,0.0
2020-08-26,1169.0,1966.0,7136.0,0.0,2281.0,9820.0
2020-08-27,1193.0,2953.0,9653.0,3442.0,4655.0,9480.0
2020-08-28,1104.0,2288.0,4281.0,4121.0,2986.0,7583.0
2020-08-29,1126.0,2357.0,0.0,4185.0,2204.0,0.0
2020-08-30,1170.0,0.0,5190.0,4105.0,4907.0,2264.0
2020-08-31,1119.0,1902.0,0.0,0.0,3987.0,0.0
2020-09-01,1151.0,0.0,3420.0,3888.0,2364.0,837.0
2020-09-02,1076.0,0.0,2276.0,3976.0,0.0,7838.0
2020-09-03,1128.0,2472.0,7329.0,4061.0,0.0,3027.0
2020-09-04,962.0,1932.0,0.0,0.0,2000.0,4215.0
2020-09-05,1168.0,0.0,4733.0,3236.0,2642.0,7519.0
2020-09-06,1088.0,0.0,5192.0,4443.0,3757.0,9394.0
2020-09-07,1090.0,2045.0,4298.0,3746.0,2306.0,11778.0
2020-09-08,1149.0,1181.0,6351.0,0.0,0.0,0.0
2020-09-09,1084.0,3015.0,7535.0,4049.0,4185.0,2251.0
2020-09-10,1082.0,2203.0,4000.0,4158.0,2570.0,6505.0
2020-09-11,1139.0,2799.0,5185.0,3647.0,2270.0,8843.0
2020-09-12,1133.0,2164.0,4173.0,4176.0,1640.0,6498.0
2020-09-13,1095.0,1680.0,0.0,4122.0,2269.0,8718.0
2020-09-14,1226.0,2209.0,4405.0,4156.0,3634.0,5900.0
2020-09-15,1274.0,2715.0,8599.0,0.0,2335.0,4514.0
2020-09-16,1198.0,1960.0,8179.0,3678.0,3250.0,6735.0
2020-09-17,1183.0,2055.0,0.0,3356.0,0.0,4088.0
2020-09-18,1211.0,0.0,0.0,3619.0,2913.0,0.0
2020-09-19,1218.0,0.0,0.0,3658.0,3359.0,2800.0
2020-09-20,1169.0,1228.0,8405.0,4603.0,3013.0,997.0
2020-09-21,1172.0,1965.0,4894.0,0.0,2641.0,0.0
2020-09-22,1100.0,1660.0,7825.0,3237.0,0.0,10469.0
2020-09-23,1119.0,2292.0,7111.0,3936.0,2240.0,0.0
2020-09-24,1218.0,2350.0,4948.0,4330.0,3359.0,0.0
2020-09-25,1146.0,1717.0,0.0,0.0,2223.0,10387.0
2020-09-26,1111.0,1963.0,7461.0,0.0,2556.0,7410.0
2020-09-27,1114.0,1866.0,4370.0,3740.0,2935.0,6732.0
2020-09-28,1147.0,0.0,8836.0,0.0,2796.0,3524.0
2020-09-29,1139.0,0.0,7014.0,0.0,2255.0,5326.0
2020-09-30,1176.0,2001.0,6362.0,4787.0,3532.0,0.0
2020-10-01,1166.0,2191.0,1358.0,3493.0,4613.0,0.0
2020-10-02,1144.0,0.0,0.0,4813.0,4596.0,8417.0
2020-10-03,1234.0,2338.0,0.0,3380.0,2614.0,8591.0
2020-10-04,1200.0,2574.0,1944.0,3762.0,2594.0,2367.0
2020-10-05,1392.0,2413.0,0.0,3994.0,1482.0,6554.0
2020-10-06,1130.0,1889.0,3395.0,0.0,2002.0,12946.0
2020-10-07,1122.0,0.0,0.0,0.0,0.0,0.0
2020-10-08,1084.0,1965.0,4094.0,0.0,3669.0,8683.0
2020-10-09,1090.0,1880.0,0.0,3564.0,3716.0,0.0
2020-10-10,937.0,2473.0,6602.0,0.0,4550.0,6875.0
2020-10-11,1063.0,1388.0,2440.0,0.0,4316.0,5424.0
2020-10-12,996.0,2718.0,0.0,3683.0,4110.0,0.0
2020-10-13,1101.0,2170.0,0.0,4770.0,3130.0,2364.0
2020-10-14,1192.0,1648.0,0.0,0.0,5326.0,7862.0
2020-10-15,1098.0,2101.0,8513.0,4151.0,0.0,5471.0
2020-10-16,1213.0,2104.0,0.0,3863.0,1913.0,8403.0
2020-10-17,1139.0,1264.0,6082.0,4207.0,0.0,178.0
2020-10-18,1068.0,0.0,4598.0,3213.0,2354.0,2301.0
2020-10-19,1126.0,2255.0,8695.0,3286.0,3658.0,0.0
2020-10-20,1165.0,0.0,7950.0,3554.0,2510.0,8664.0
2020-10-21,1094.0,1724.0,4594.0,3720.0,3429.0,11054.0
2020-10-22,1199.0,1861.0,0.0,3974.0,0.0,5263.0
2020-10-23,1071.0,0.0,4388.0,3969.0,2693.0,13480.0
2020-10-24,1237.0,1782.0,0.0,2907.0,4368.0,8133.0
2020-10-25,1188.0,0.0,0.0,3779.0,2242.0,0.0
2020-10-26,1167.0,1898.0,8908.0,3588.0,2533.0,4715.0
2020-10-27,1073.0,2478.0,8430.0,0.0,2841.0,13916.0
2020-10-28,1144.0,1537.0,5287.0,4604.0,2943.0,5947.0
2020-10-29,1159.0,3082.0,1875.0,4033.0,0.0,9647.0
2020-10-30,1112.0,0.0,4178.0,3638.0,3591.0,7625.0
2020-10-31,1127.0,2306.0,6728.0,3483.0,3742.0,6340.0
2020-11-01,1178.0,1579.0,1691.0,0.0,0.0,0.0
2020-11-02,1158.0,1770.0,8303.0,3692.0,1802.0,678.0
2020-11-03,1140.0,2904.0,2701.0,2637.0,2908.0,5208.0
2020-11-04,1164.0,1908.0,0.0,2692.0,3482.0,12940.0
2020-11-05,1251.0,2464.0,9484.0,3895.0,2802.0,6458.0
2020-11-06,1180.0,1974.0,6358.0,3671.0,0.0,11542.0
2020-11-07,1244.0,1648.0,0.0,0.0,3266.0,0.0
2020-11-08,1161.0,1640.0,7311.0,2867.0,2596.0,8044.0
2020-11-09,1150.0,2458.0,0.0,3269.0,3232.0,4523.0
2020-11-10,1138.0,0.0,8686.0,0.0,0.0,0.0
2020-11-11,1173.0,0.0,4836.0,3387.0,1910.0,10573.0
2020-11-12,1091.0,1551.0,0.0,0.0,2835.0,6390.0
2020-11-13,1134.0,1592.0,0.0,4255.0,1470.0,0.0
2020-11-14,1117.0,2779.0,2436.0,4388.0,5368.0,0.0
2020-11-15,1208.0,3232.0,11117.0,4084.0,3200.0,5578.0
2020-11-16,1184.0,2127.0,4774.0,3874.0,4127.0,0.0
2020-11-17,1256.0,1811.0,3292.0,3558.0,2460.0,6899.0
2020-11-18,1239.0,2474.0,0.0,3924.0,0.0,7429.0
2020-11-19,1109.0,2414.0,5501.0,0.0,2770.0,2639.0
2020-11-20,1161.0,0.0,0.0,3376.0,2973.0,6836.0
2020-11-21,1132.0,0.0,1293.0,3962.0,4610.0,1714.0
2020-11-22,1225.0,2591.0,6159.0,0.0,2012.0,7615.0
2020-11-23,1066.0,1782.0,3223.0,3223.0,2531.0,0.0
2020-11-24,1095.0,1205.0,0.0,2909.0,1105.0,0.0
2020-11-25,1168.0,2566.0,0.0,4029.0,0.0,0.0
2020-11-26,1141.0,1989.0,0.0,4034.0,3575.0,0.0
2020-11-27,1155.0,0.0,6428.0,0.0,3173.0,6185.0
2020-11-28,1166.0,0.0,2929.0,0.0,0.0,6899.0
2020-11-29,1020.0,0.0,5313.0,3524.0,1473.0,7477.0
2020-11-30,1117.0,2564.0,6131.0,4892.0,4312.0,6018.0
2020-12-01,1075.0,2413.0,0.0,0.0,4032.0,10804.0
2020-12-02,1139.0,0.0,0.0,4715.0,2525.0,0.0
2020-12-03,1069.0,3064.0,7517.0,4071.0,4450.0,0.0
2020-12-04,1097.0,1108.0,457.0,4558.0,3590.0,7429.0
2020-12-05,1180.0,2131.0,2581.0,0.0,2993.0,8935.0
2020-12-06,1175.0,2578.0,0.0,3164.0,2186.0,4059.0
2020-12-07,1243.0,0.0,2238.0,4007.0,3020.0,0.0
2020-12-08,1160.0,3213.0,3891.0,4127.0,4021.0,16055.0
2020-12-09,1235.0,0.0,4914.0,3887.0,2844.0,7415.0
2020-12-10,1242.0,0.0,4391.0,0.0,4293.0,11459.0
2020-12-11,1144.0,2400.0,1532.0,3463.0,0.0,9252.0
2020-12-12,1008.0,3196.0,4193.0,3943.0,3481.0,7634.0
2020-12-13,1210.0,1220.0,0.0,3888.0,1993.0,16418.0
2020-12-14,1153.0,2351.0,3315.0,4333.0,4061.0,4518.0
2020-12-15,1169.0,2258.0,3639.0,3128.0,3675.0,7627.0
2020-12-16,1272.0,436.0,0.0,4262.0,2612.0,8869.0
2020-12-17,1145.0,2312.0,7621.0,0.0,0.0,0.0
2020-12-18,1196.0,975.0,0.0,3894.0,0.0,10947.0
2020-12-19,1268.0,2165.0,4532.0,4138.0,3599.0,9958.0
2020-12-20,1219.0,0.0,0.0,4390.0,2345.0,4818.0
2020-12-21,1184.0,2974.0,12273.0,4106.0,2137.0,5362.0
2020-12-22,1276.0,2062.0,9534.0,3381.0,0.0,3911.0
2020-12-23,1228.0,0.0,3653.0,3375.0,3294.0,7045.0
2020-12-24,1116.0,1306.0,6427.0,3792.0,3921.0,11707.0
2020-12-25,1308.0,0.0,8210.0,2708.0,2862.0,0.0
2020-12-26,1224.0,2456.0,0.0,3512.0,4509.0,9072.0
2020-12-27,1257.0,1770.0,4771.0,4279.0,0.0,4691.0
2020-12-28,1208.0,2739.0,6540.0,3701.0,2354.0,8827.0
2020-12-29,1277.0,0.0,4395.0,4522.0,0.0,0.0
2020-12-30,1341.0,0.0,0.0,3986.0,4207.0,8109.0
2020-12-31,1311.0,0.0,0.0,4022.0,3603.0,4292.0
2021-01-01,1204.0,1826.0,0.0,0.0,2502.0,7132.0
2021-01-02,1168.0,1673.0,7505.0,0.0,1033.0,7079.0
2021-01-03,1126.0,2157.0,5192.0,4047.0,4355.0,0.0
2021-01-04,1100.0,2522.0,9151.0,3911.0,5457.0,7843.0
2021-01-05,1249.0,1978.0,0.0,3473.0,0.0,0.0
2021-01-06,1177.0,1571.0,0.0,0.0,0.0,0.0
2021-01-07,1139.0,0.0,0.0,0.0,0.0,11821.0
2021-01-08,1109.0,2172.0,6193.0,3106.0,0.0,0.0
2021-01-09,1093.0,2164.0,4459.0,0.0,3302.0,15981.0
2021-01-10,1157.0,1979.0,6270.0,4536.0,3100.0,0.0
2021-01-11,1094.0,1098.0,0.0,3439.0,3944.0,5521.0
2021-01-12,1122.0,1791.0,0.0,0.0,969.0,8178.0
2021-01-13,1169.0,1439.0,7121.0,3283.0,2773.0,4031.0
2021-01-14,1240.0,2209.0,0.0,4666.0,3186.0,4637.0
2021-01-15,1239.0,0.0,10049.0,3763.0,3264.0,14093.0
2021-01-16,1270.0,0.0,4596.0,4445.0,2516.0,3590.0
2021-01-17,1313.0,1893.0,6279.0,0.0,3790.0,10048.0
2021-01-18,1242.0,1768.0,0.0,4267.0,2466.0,4143.0
2021-01-19,1105.0,1937.0,0.0,0.0,2303.0,0.0
2021-01-20,1346.0,2528.0,0.0,3392.0,2242.0,11774.0
2021-01-21,1171.0,1706.0,7316.0,0.0,1714.0,8461.0
2021-01-22,1158.0,0.0,0.0,2956.0,849.0,17108.0
2021-01-23,1139.0,1640.0,6174.0,4177.0,3075.0,0.0
2021-01-24,1310.0,2815.0,7551.0,2650.0,4176.0,9484.0
2021-01-25,1213.0,1538.0,6733.0,3189.0,2636.0,8083.0
2021-01-26,1215.0,1263.0,3171.0,3194.0,0.0,0.0
2021-01-27,1272.0,1543.0,3528.0,3788.0,2767.0,0.0
2021-01-28,1174.0,1459.0,0.0,4165.0,3804.0,4812.0
2021-01-29,1256.0,2664.0,3675.0,3514.0,826.0,0.0
2021-01-30,1316.0,3321.0,4178.0,0.0,4595.0,8508.0
2021-01-31,1254.0,2646.0,3838.0,4072.0,0.0,2225.0
2021-02-01,1124.0,0.0,5229.0,3384.0,0.0,10944.0
2021-02-02,1337.0,2555.0,7653.0,0.0,3993.0,0.0
2021-02-03,1255.0,2828.0,0.0,4033.0,0.0,11237.0
2021-02-04,1215.0,2252.0,0.0,3975.0,2984.0,11944.0
2021-02-05,1183.0,1331.0,4748.0,3683.0,2200.0,0.0
2021-02-06,1232.0,0.0,8975.0,0.0,1933.0,11335.0
2021-02-07,1130.0,1349.0,5088.0,3899.0,3925.0,8596.0
2021-02-08,1166.0,1288.0,0.0,3118.0,0.0,9979.0
2021-02-09,1284.0,3694.0,0.0,4436.0,5139.0,6709.0
2021-02-10,1240.0,1836.0,6770.0,0.0,0.0,4522.0
2021-02-11,1236.0,1417.0,0.0,4114.0,5364.0,0.0
2021-02-12,1335.0,1540.0,1717.0,4215.0,2143.0,2284.0
2021-02-13,1315.0,2022.0,7414.0,4317.0,1984.0,0.0
2021-02-14,1328.0,0.0,0.0,4060.0,3232.0,5019.0
2021-02-15,1297.0,1664.0,2105.0,3456.0,3874.0,5579.0
2021-02-16,1311.0,2045.0,5766.0,3055.0,2805.0,10367.0
2021-02-17,1244.0,1292.0,4363.0,3662.0,1872.0,4412.0
2021-02-18,1299.0,1963.0,8225.0,4221.0,0.0,6550.0
2021-02-19,1249.0,0.0,3724.0,0.0,1934.0,0.0
2021-02-20,1125.0,2459.0,3466.0,0.0,2424.0,12032.0
2021-02-21,1147.0,1752.0,0.0,5128.0,3202.0,5688.0
2021-02-22,1216.0,0.0,4061.0,3936.0,4471.0,1840.0
2021-02-23,1186.0,2392.0,4211.0,0.0,3430.0,6180.0
2021-02-24,1254.0,2053.0,4290.0,0.0,0.0,0.0
2021-02-25,1080.0,2410.0,8912.0,4114.0,0.0,12441.0
2021-02-26,1333.0,2648.0,4903.0,4140.0,2834.0,0.0
2021-02-27,1371.0,1274.0,4926.0,3814.0,2281.0,4164.0
2021-02-28,1297.0,2683.0,1576.0,3881.0,4131.0,4736.0
2021-03-01,1320.0,0.0,15.0,3120.0,2180.0,10093.0
2021-03-02,1246.0,1088.0,4297.0,0.0,4842.0,0.0
2021-03-03,1213.0,1340.0,4649.0,0.0,0.0,610.0
2021-03-04,1230.0,0.0,6764.0,0.0,3118.0,0.0
2021-03-05,1072.0,0.0,1253.0,3424.0,3397.0,12271.0
2021-03-06,1150.0,2147.0,1914.0,3916.0,2283.0,0.0
2021-03-07,1236.0,1933.0,4801.0,3418.0,0.0,12432.0
2021-03-08,1383.0,2233.0,2627.0,3311.0,1576.0,5034.0
2021-03-09,1235.0,2726.0,0.0,4007.0,3305.0,0.0
2021-03-10,1362.0,647.0,3889.0,3955.0,1765.0,4060.0
2021-03-11,1331.0,0.0,3221.0,3924.0,4065.0,0.0
2021-03-12,1488.0,1830.0,5972.0,3515.0,1972.0,6157.0
2021-03-13,1286.0,1420.0,0.0,3044.0,2577.0,0.0
2021-03-14,1382.0,1808.0,0.0,0.0,5411.0,6109.0
2021-03-15,1235.0,1747.0,1149.0,4224.0,0.0,0.0
2021-03-16,1230.0,1809.0,2103.0,2699.0,3485.0,6430.0
2021-03-17,1220.0,1965.0,0.0,2756.0,5897.0,2165.0
2021-03-18,1279.0,2104.0,5056.0,3886.0,0.0,8183.0
2021-03-19,1223.0,2585.0,0.0,3078.0,3970.0,9284.0
2021-03-20,1301.0,0.0,3603.0,4414.0,0.0,3428.0
2021-03-21,1223.0,1968.0,7859.0,3830.0,0.0,6662.0
2021-03-22,1227.0,0.0,4863.0,0.0,2630.0,0.0
2021-03-23,1221.0,2645.0,0.0,3875.0,1745.0,0.0
2021-03-24,1181.0,0.0,5468.0,3695.0,4258.0,0.0
2021-03-25,1237.0,2314.0,4992.0,3189.0,3492.0,5213.0
2021-03-26,1276.0,2488.0,7187.0,3350.0,3323.0,10076.0
2021-03-27,1099.0,2036.0,5929.0,0.0,2555.0,0.0
2021-03-28,1250.0,2900.0,0.0,4033.0,1537.0,7196.0
2021-03-29,1168.0,1921.0,0.0,3864.0,0.0,6515.0
2021-03-30,1349.0,1171.0,6183.0,3418.0,1238.0,10635.0
2021-03-31,1199.0,0.0,3515.0,0.0,3600.0,0.0
2021-04-01,1214.0,2110.0,9368.0,4052.0,4931.0,0.0
2021-04-02,1190.0,1668.0,6067.0,4039.0,1864.0,0.0
2021-04-03,1396.0,1924.0,0.0,3683.0,2814.0,0.0
2021-04-04,1223.0,0.0,4730.0,0.0,0.0,0.0
2021-04-05,1290.0,2992.0,7111.0,3700.0,2704.0,2370.0
2021-04-06,1338.0,1732.0,7828.0,2896.0,0.0,0.0
2021-04-07,1283.0,2620.0,0.0,2537.0,2876.0,6286.0
2021-04-08,1300.0,2842.0,5427.0,3813.0,0.0,6565.0
2021-04-09,1199.0,2468.0,2419.0,0.0,0.0,2742.0
2021-04-10,1241.0,2382.0,2331.0,3450.0,0.0,2627.0
2021-04-11,1162.0,1605.0,5934.0,0.0,2744.0,6682.0
2021-04-12,1172.0,1253.0,0.0,4535.0,553.0,873.0
2021-04-13,1222.0,2055.0,0.0,0.0,0.0,11027.0
2021-04-14,1041.0,1851.0,4232.0,4260.0,0.0,4710.0
2021-04-15,1173.0,2202.0,2476.0,4212.0,855.0,7226.0
2021-04-16,1231.0,2037.0,0.0,4434.0,0.0,2017.0
2021-04-17,1230.0,1775.0,0.0,0.0,3109.0,0.0
2021-04-18,1125.0,2429.0,0.0,3517.0,0.0,0.0
2021-04-19,1220.0,2659.0,0.0,3743.0,2257.0,9778.0
2021-04-20,1331.0,1937.0,5169.0,3767.0,3046.0,14292.0
2021-04-21,1338.0,1830.0,5505.0,4848.0,2783.0,0.0
2021-04-22,1321.0,0.0,4405.0,3693.0,3896.0,7232.0
2021-04-23,1324.0,2055.0,10069.0,4066.0,2604.0,0.0
2021-04-24,1342.0,2611.0,5009.0,3699.0,2956.0,0.0
2021-04-25,1465.0,0.0,0.0,4287.0,4771.0,6670.0
2021-04-26,1370.0,0.0,0.0,0.0,0.0,8745.0
2021-04-27,1187.0,1381.0,4410.0,3314.0,2626.0,7014.0
2021-04-28,1293.0,0.0,5358.0,0.0,0.0,0.0
2021-04-29,1296.0,1438.0,3350.0,3907.0,2433.0,10052.0
2021-04-30,1247.0,2650.0,0.0,3785.0,3301.0,0.0
2021-05-01,1279.0,0.0,0.0,3651.0,0.0,9609.0
2021-05-02,1326.0,0.0,0.0,4365.0,3936.0,0.0
2021-05-03,1264.0,1447.0,4778.0,2965.0,3544.0,9178.0
2021-05-04,1252.0,0.0,4085.0,3331.0,2147.0,0.0
2021-05-05,1390.0,2171.0,7536.0,3372.0,3216.0,0.0
2021-05-06,1291.0,2810.0,0.0,4308.0,4230.0,5058.0
2021-05-07,1274.0,0.0,0.0,0.0,3969.0,0.0
2021-05-08,1355.0,1681.0,8513.0,3278.0,2940.0,0.0
2021-05-09,1315.0,1889.0,0.0,4650.0,2491.0,6332.0
2021-05-10,1282.0,1778.0,0.0,4042.0,4517.0,0.0
2021-05-11,1366.0,0.0,3591.0,4228.0,2774.0,0.0
2021-05-12,1346.0,0.0,0.0,4168.0,0.0,6664.0
2021-05-13,1271.0,2727.0,7432.0,3974.0,0.0,9798.0
2021-05-14,1308.0,1958.0,5251.0,4050.0,2282.0,7189.0
2021-05-15,1331.0,0.0,3293.0,4350.0,4417.0,0.0
2021-05-16,1255.0,1516.0,2083.0,4151.0,2768.0,9199.0
2021-05-17,1359.0,2444.0,5143.0,4499.0,3162.0,7756.0
2021-05-18,1266.0,0.0,6959.0,3677.0,0.0,1576.0
2021-05-19,1371.0,0.0,0.0,0.0,3419.0,8502.0
2021-05-20,1162.0,2378.0,7147.0,0.0,2669.0,0.0
2021-05-21,1166.0,2059.0,0.0,4224.0,2488.0,3948.0
2021-05-22,1280.0,2524.0,0.0,0.0,3298.0,0.0
2021-05-23,1244.0,0.0,3477.0,0.0,0.0,4315.0
2021-05-24,1283.0,1969.0,7347.0,3954.0,2936.0,0.0
2021-05-25,1338.0,1588.0,8474.0,4061.0,3691.0,7125.0
2021-05-26,1416.0,2197.0,7251.0,5872.0,5682.0,0.0
2021-05-27,1292.0,2612.0,7501.0,4005.0,2359.0,1555.0
2021-05-28,1362.0,2287.0,5265.0,4193.0,2166.0,12801.0
2021-05-29,1303.0,1768.0,1169.0,3751.0,2559.0,0.0
2021-05-30,1529.0,1993.0,6213.0,3607.0,2272.0,6467.0
2021-05-31,1330.0,1264.0,4686.0,0.0,2886.0,6314.0
2021-06-01,1458.0,1852.0,3581.0,3629.0,4358.0,6566.0
2021-06-02,1452.0,2366.0,3384.0,3582.0,0.0,0.0
2021-06-03,1294.0,1754.0,5276.0,0.0,2487.0,7848.0
2021-06-04,1226.0,1881.0,6516.0,3471.0,3415.0,4196.0
2021-06-05,1340.0,1852.0,0.0,4707.0,0.0,9701.0
2021-06-06,1386.0,0.0,8559.0,3099.0,3212.0,0.0
2021-06-07,1415.0,2311.0,0.0,0.0,0.0,12704.0
2021-06-08,1343.0,1284.0,0.0,4768.0,0.0,15502.0
2021-06-09,1262.0,0.0,4231.0,0.0,2029.0,0.0
2021-06-10,1238.0,2085.0,655.0,4599.0,0.0,205.0
2021-06-11,1250.0,2760.0,0.0,4353.0,3390.0,7541.0
2021-06-12,1323.0,1689.0,2392.0,0.0,2393.0,8316.0
2021-06-13,1313.0,2446.0,5464.0,4200.0,2132.0,9328.0
2021-06-14,1366.0,1683.0,3456.0,0.0,4874.0,0.0
2021-06-15,1170.0,2371.0,4594.0,0.0,0.0,6651.0
2021-06-16,1329.0,2260.0,3519.0,3746.0,0.0,5359.0
2021-06-17,1367.0,0.0,0.0,0.0,4239.0,3955.0
2021-06-18,1180.0,2330.0,3097.0,3686.0,4416.0,8839.0
2021-06-19,1141.0,1745.0,5235.0,3715.0,4612.0,5761.0
2021-06-20,1259.0,0.0,2884.0,4224.0,2567.0,9420.0
2021-06-21,1406.0,2184.0,0.0,3329.0,0.0,8008.0
2021-06-22,1444.0,1866.0,0.0,0.0,1593.0,7060.0
2021-06-23,1375.0,1920.0,4295.0,4149.0,0.0,13116.0
2021-06-24,1473.0,2289.0,0.0,0.0,2940.0,9512.0
2021-06-25,1298.0,1902.0,5175.0,4758.0,3102.0,4423.0
2021-06-26,1386.0,0.0,6639.0,0.0,1533.0,8015.0
2021-06-27,1276.0,1231.0,5496.0,3592.0,3770.0,6165.0
2021-06-28,1342.0,0.0,7248.0,0.0,2878.0,9065.0
2021-06-29,1348.0,1667.0,2195.0,4136.0,2641.0,0.0
2021-06-30,1365.0,2455.0,9019.0,2840.0,2885.0,5867.0
2021-07-01,1358.0,2848.0,3836.0,4195.0,1763.0,8089.0
2021-07-02,1355.0,2646.0,2912.0,0.0,3424.0,0.0
2021-07-03,1396.0,1755.0,2537.0,3437.0,0.0,5754.0
2021-07-04,1491.0,0.0,4261.0,4660.0,2702.0,11871.0
2021-07-05,1507.0,1405.0,7156.0,3581.0,2284.0,8044.0
2021-07-06,1432.0,1086.0,5035.0,4582.0,519.0,0.0
2021-07-07,1526.0,2236.0,0.0,2846.0,0.0,19054.0
2021-07-08,1428.0,1784.0,6676.0,3560.0,2390.0,0.0
2021-07-09,1397.0,0.0,5052.0,3342.0,3279.0,8691.0
2021-07-10,1299.0,2631.0,7030.0,3449.0,913.0,11801.0
2021-07-11,1399.0,2275.0,1059.0,0.0,3591.0,6043.0
2021-07-12,1234.0,3089.0,3473.0,0.0,2022.0,0.0
2021-07-13,1445.0,1094.0,4659.0,4322.0,4005.0,5028.0
2021-07-14,1245.0,2895.0,5456.0,3698.0,2961.0,3280.0
2021-07-15,1427.0,1136.0,5697.0,3701.0,0.0,10061.0
2021-07-16,1363.0,1523.0,0.0,3563.0,2560.0,0.0
2021-07-17,1424.0,2248.0,0.0,4198.0,0.0,0.0
2021-07-18,1410.0,2195.0,3130.0,0.0,2980.0,1284.0
2021-07-19,1502.0,2537.0,0.0,3438.0,793.0,0.0
2021-07-20,1359.0,1883.0,6196.0,4251.0,3148.0,4131.0
2021-07-21,1245.0,2146.0,4745.0,0.0,4113.0,701.0
2021-07-22,1353.0,0.0,0.0,0.0,3267.0,8791.0
2021-07-23,1211.0,1652.0,0.0,4024.0,3159.0,0.0
2021-07-24,1297.0,0.0,52.0,4340.0,2936.0,7937.0
2021-07-25,1355.0,2002.0,0.0,0.0,3875.0,0.0
2021-07-26,1304.0,0.0,5699.0,4289.0,2157.0,3046.0
2021-07-27,1398.0,0.0,2205.0,3362.0,4863.0,5024.0
2021-07-28,1372.0,2629.0,1196.0,3748.0,0.0,7424.0
2021-07-29,1310.0,0.0,6102.0,4076.0,2087.0,6504.0
2021-07-30,1434.0,2083.0,10097.0,0.0,3296.0,8699.0
2021-07-31,1388.0,2827.0,6602.0,3527.0,2807.0,4796.0
2021-08-01,1273.0,812.0,5406.0,3495.0,2653.0,1985.0
2021-08-02,1314.0,2182.0,1135.0,0.0,2964.0,9480.0
2021-08-03,1337.0,2732.0,7349.0,4549.0,4023.0,9994.0
2021-08-04,1318.0,3059.0,0.0,3813.0,2589.0,4956.0
2021-08-05,1348.0,2936.0,5481.0,3835.0,2898.0,11467.0
2021-08-06,1422.0,0.0,7617.0,4232.0,3437.0,6933.0
2021-08-07,1379.0,2922.0,7432.0,4288.0,0.0,0.0
2021-08-08,1521.0,0.0,4559.0,2948.0,3558.0,13410.0
2021-08-09,1271.0,2143.0,4189.0,0.0,3609.0,11074.0
2021-08-10,1455.0,3077.0,1200.0,4303.0,3483.0,5610.0
2021-08-11,1330.0,2297.0,0.0,0.0,2249.0,0.0
2021-08-12,1297.0,1292.0,7824.0,0.0,3744.0,0.0
2021-08-13,1446.0,2807.0,4316.0,3484.0,0.0,7011.0
2021-08-14,1346.0,0.0,3220.0,0.0,1898.0,10687.0
2021-08-15,1397.0,1041.0,3222.0,4139.0,3846.0,2204.0
2021-08-16,1229.0,1934.0,8017.0,0.0,0.0,0.0
2021-08-17,1239.0,1342.0,3382.0,4742.0,2280.0,0.0
2021-08-18,1375.0,0.0,3770.0,3621.0,3822.0,5546.0
2021-08-19,1538.0,1415.0,3956.0,3419.0,4046.0,9553.0
2021-08-20,1417.0,1967.0,3436.0,3592.0,0.0,3356.0
2021-08-21,1382.0,2612.0,0.0,3381.0,4999.0,2761.0
2021-08-22,1363.0,2773.0,2323.0,0.0,1956.0,3336.0
2021-08-23,1456.0,2456.0,2887.0,3484.0,2991.0,7930.0
2021-08-24,1320.0,1879.0,2895.0,2909.0,4384.0,8146.0
2021-08-25,1375.0,0.0,0.0,0.0,2627.0,13232.0
2021-08-26,1382.0,1500.0,0.0,4317.0,1471.0,2401.0
2021-08-27,1398.0,0.0,3067.0,3631.0,986.0,10856.0
2021-08-28,1418.0,0.0,471.0,0.0,0.0,0.0
2021-08-29,1315.0,1877.0,2745.0,3898.0,5115.0,0.0
2021-08-30,1395.0,1418.0,0.0,3535.0,4417.0,12022.0
2021-08-31,1327.0,2742.0,0.0,3166.0,0.0,13594.0
2021-09-01,1345.0,1607.0,4819.0,0.0,0.0,0.0
2021-09-02,1323.0,2764.0,5957.0,3937.0,3288.0,7029.0
2021-09-03,1411.0,1946.0,0.0,0.0,5090.0,8908.0
2021-09-04,1246.0,1872.0,8468.0,0.0,1520.0,0.0
2021-09-05,1344.0,2522.0,7806.0,0.0,2160.0,4193.0
2021-09-06,1332.0,0.0,0.0,4251.0,560.0,3499.0
2021-09-07,1395.0,1646.0,4529.0,4682.0,3439.0,4992.0
2021-09-08,1461.0,2439.0,2192.0,4092.0,0.0,0.0
2021-09-09,1471.0,1682.0,6066.0,4588.0,2860.0,3948.0
2021-09-10,1493.0,2002.0,5462.0,3638.0,2225.0,0.0
2021-09-11,1482.0,1503.0,0.0,3522.0,0.0,11866.0
2021-09-12,1523.0,1348.0,4120.0,0.0,0.0,12029.0
2021-09-13,1319.0,1875.0,2929.0,0.0,1955.0,7564.0
2021-09-14,1356.0,2139.0,7027.0,0.0,2035.0,10209.0
2021-09-15,1489.0,2084.0,0.0,3435.0,0.0,8648.0
2021-09-16,1324.0,2278.0,0.0,4134.0,2071.0,5209.0
2021-09-17,1411.0,0.0,4024.0,3091.0,2432.0,8154.0
2021-09-18,1404.0,2288.0,5791.0,4000.0,2517.0,11989.0
2021-09-19,1448.0,1799.0,0.0,4061.0,2234.0,0.0
2021-09-20,1376.0,2343.0,5802.0,2801.0,0.0,0.0
2021-09-21,1452.0,2063.0,6908.0,0.0,2781.0,0.0
2021-09-22,1339.0,2255.0,0.0,0.0,2551.0,0.0
2021-09-23,1343.0,0.0,8425.0,3648.0,4295.0,5025.0
2021-09-24,1425.0,0.0,0.0,0.0,3140.0,1774.0
2021-09-25,1361.0,1373.0,2699.0,0.0,2572.0,5070.0
2021-09-26,1281.0,2193.0,6672.0,4075.0,5435.0,0.0
2021-09-27,1379.0,2608.0,7520.0,0.0,3883.0,0.0
2021-09-28,1383.0,0.0,5630.0,3905.0,2799.0,8101.0
2021-09-29,1367.0,2719.0,0.0,3102.0,1738.0,7123.0
2021-09-30,1380.0,1762.0,0.0,4557.0,3461.0,6595.0
2021-10-01,1502.0,2014.0,9529.0,4052.0,3610.0,10432.0
2021-10-02,1427.0,2114.0,8162.0,4309.0,0.0,1830.0
2021-10-03,1500.0,1832.0,4795.0,4055.0,3624.0,1972.0
2021-10-04,1429.0,1515.0,3900.0,3981.0,1892.0,3433.0
2021-10-05,1422.0,1796.0,0.0,3559.0,4081.0,5424.0
2021-10-06,1413.0,2747.0,4374.0,3767.0,1492.0,7028.0
2021-10-07,1646.0,1969.0,3809.0,4047.0,2305.0,11461.0
2021-10-08,1441.0,2779.0,5267.0,3749.0,4296.0,3157.0
2021-10-09,1374.0,997.0,0.0,3990.0,2929.0,7597.0
2021-10-10,1412.0,2322.0,4190.0,3722.0,1431.0,8545.0
2021-10-11,1536.0,3175.0,2653.0,3946.0,2708.0,9654.0
2021-10-12,1559.0,1315.0,7821.0,3742.0,4383.0,5547.0
2021-10-13,1606.0,2360.0,2572.0,3225.0,3933.0,0.0
2021-10-14,1530.0,1824.0,3514.0,4164.0,3024.0,4143.0
2021-10-15,1508.0,0.0,2668.0,0.0,1561.0,6562.0
2021-10-16,1418.0,1807.0,7358.0,4158.0,4986.0,14192.0
2021-10-17,1475.0,1578.0,4991.0,3209.0,3871.0,6784.0
2021-10-18,1387.0,1882.0,0.0,3951.0,2222.0,0.0
2021-10-19,1538.0,984.0,831.0,4416.0,0.0,6823.0
2021-10-20,1584.0,1704.0,0.0,3785.0,4126.0,11365.0
2021-10-21,1605.0,2600.0,0.0,3762.0,3076.0,0.0
2021-10-22,1705.0,2214.0,5711.0,0.0,2372.0,0.0
2021-10-23,1526.0,2867.0,6849.0,0.0,3166.0,0.0
2021-10-24,1581.0,2021.0,3011.0,3420.0,3478.0,6254.0
2021-10-25,1563.0,0.0,0.0,4975.0,0.0,3393.0
2021-10-26,1425.0,1033.0,6342.0,4064.0,1809.0,7680.0
2021-10-27,1443.0,2693.0,3894.0,3614.0,3677.0,11698.0
2021-10-28,1386.0,0.0,2680.0,0.0,5481.0,7528.0
2021-10-29,1399.0,1968.0,5473.0,0.0,2609.0,12058.0
2021-10-30,1372.0,2184.0,6066.0,0.0,2402.0,2198.0
2021-10-31,1295.0,0.0,0.0,3519.0,1953.0,5591.0
2021-11-01,1288.0,2800.0,5560.0,0.0,5708.0,0.0
2021-11-02,1386.0,0.0,0.0,3872.0,6000.0,0.0
2021-11-03,1436.0,1901.0,1238.0,2673.0,4155.0,0.0
2021-11-04,1481.0,0.0,6043.0,3847.0,2310.0,0.0
2021-11-05,1604.0,0.0,0.0,3911.0,2519.0,0.0
2021-11-06,1600.0,1568.0,4975.0,3633.0,3766.0,5029.0
2021-11-07,1474.0,2435.0,3065.0,0.0,1985.0,10882.0
2021-11-08,1402.0,1933.0,4974.0,3623.0,3332.0,2597.0
2021-11-09,1560.0,0.0,634.0,3409.0,2621.0,6258.0
2021-11-10,1393.0,2216.0,5754.0,4212.0,4182.0,10970.0
2021-11-11,1553.0,2755.0,6514.0,3572.0,3316.0,2579.0
2021-11-12,1345.0,1614.0,6123.0,3217.0,0.0,6602.0
2021-11-13,1515.0,0.0,0.0,0.0,3816.0,6329.0
2021-11-14,1302.0,1961.0,2294.0,3597.0,3191.0,8759.0
2021-11-15,1503.0,0.0,9861.0,3338.0,1258.0,6060.0
2021-11-16,1396.0,2889.0,6940.0,4291.0,0.0,6798.0
2021-11-17,1503.0,0.0,0.0,3478.0,0.0,0.0
2021-11-18,1598.0,1355.0,7495.0,3541.0,2938.0,1499.0
2021-11-19,1457.0,1382.0,0.0,4353.0,2113.0,5978.0
2021-11-20,1381.0,1662.0,3473.0,3431.0,3533.0,10379.0
2021-11-21,1512.0,0.0,5134.0,3208.0,3855.0,5105.0
2021-11-22,1427.0,2245.0,0.0,3731.0,1994.0,6425.0
2021-11-23,1459.0,1859.0,8285.0,0.0,3212.0,9341.0
2021-11-24,1449.0,2007.0,5165.0,3196.0,2898.0,4971.0
2021-11-25,1540.0,2041.0,3721.0,0.0,0.0,0.0
2021-11-26,1393.0,0.0,5041.0,3272.0,0.0,6133.0
2021-11-27,1483.0,1773.0,3171.0,4248.0,3739.0,5411.0
2021-11-28,1434.0,2143.0,4028.0,4762.0,3858.0,0.0
2021-11-29,1479.0,2599.0,0.0,3328.0,2232.0,862.0
2021-11-30,1605.0,2473.0,0.0,3901.0,2765.0,14481.0
2021-12-01,1486.0,1068.0,1583.0,3879.0,2198.0,0.0
2021-12-02,1420.0,2176.0,4170.0,0.0,2456.0,12795.0
2021-12-03,1632.0,3321.0,7487.0,5195.0,0.0,10984.0
2021-12-04,1576.0,1934.0,5659.0,3095.0,3608.0,0.0
2021-12-05,1550.0,1127.0,7007.0,4063.0,0.0,6748.0
2021-12-06,1613.0,1867.0,5286.0,4464.0,2468.0,4007.0
2021-12-07,1559.0,1937.0,5640.0,0.0,3359.0,11362.0
2021-12-08,1361.0,2452.0,6044.0,3831.0,0.0,9717.0
2021-12-09,1445.0,1977.0,5920.0,4386.0,2308.0,6685.0
2021-12-10,1480.0,1482.0,4875.0,3549.0,3893.0,10444.0
2021-12-11,1493.0,1570.0,6428.0,3637.0,0.0,0.0
2021-12-12,1405.0,1953.0,0.0,3784.0,3245.0,9088.0
2021-12-13,1798.0,2545.0,9355.0,4288.0,4535.0,10595.0
2021-12-14,1539.0,2275.0,4540.0,0.0,2577.0,8846.0
2021-12-15,1541.0,1754.0,8791.0,0.0,2703.0,6160.0
2021-12-16,1434.0,3738.0,6481.0,3715.0,0.0,0.0
2021-12-17,1638.0,2035.0,3251.0,3581.0,4358.0,9821.0
2021-12-18,1623.0,1452.0,6607.0,3548.0,4222.0,6727.0
2021-12-19,1593.0,1853.0,5885.0,4245.0,3670.0,7038.0
2021-12-20,1545.0,0.0,6890.0,0.0,4563.0,1843.0
2021-12-21,1566.0,2559.0,0.0,0.0,2414.0,0.0
2021-12-22,1516.0,3041.0,4565.0,3593.0,0.0,0.0
2021-12-23,1544.0,1762.0,3404.0,0.0,1639.0,0.0
2021-12-24,1527.0,1140.0,8531.0,4135.0,2378.0,7468.0
2021-12-25,1638.0,2048.0,2687.0,3259.0,0.0,0.0
2021-12-26,1594.0,0.0,4362.0,4067.0,2996.0,9844.0
2021-12-27,1546.0,0.0,0.0,3923.0,3793.0,6059.0
2021-12-28,1509.0,1948.0,1400.0,4496.0,1331.0,17763.0
2021-12-29,1569.0,0.0,7326.0,3593.0,0.0,11195.0
2021-12-30,1656.0,2147.0,0.0,3929.0,0.0,0.0
