date,sales,tv,radio,social,promo,search
2019-01-01,498.0,9998.0,4176.0,0.0,0.0,992.0
2019-01-02,726.0,13805.0,0.0,3541.0,0.0,1039.0
2019-01-03,736.0,9549.0,0.0,4143.0,1156.0,419.0
2019-01-04,655.0,15083.0,8102.0,2176.0,2011.0,659.0
2019-01-05,319.0,0.0,0.0,2873.0,1189.0,0.0
2019-01-06,707.0,0.0,3299.0,4175.0,0.0,946.0
2019-01-07,440.0,0.0,4697.0,2059.0,0.0,1891.0
2019-01-08,784.0,9399.0,7280.0,4828.0,0.0,447.0
2019-01-09,796.0,14440.0,4348.0,2061.0,0.0,1962.0
2019-01-10,483.0,15001.0,0.0,2845.0,1093.0,123.0
2019-01-11,838.0,11604.0,7435.0,2760.0,2091.0,0.0
2019-01-12,1047.0,10440.0,0.0,1940.0,1443.0,640.0
2019-01-13,681.0,14661.0,5952.0,2058.0,2177.0,166.0
2019-01-14,481.0,8935.0,4656.0,3623.0,2306.0,0.0
2019-01-15,827.0,0.0,7834.0,4098.0,2273.0,0.0
2019-01-16,1045.0,13176.0,6973.0,2220.0,1715.0,0.0
2019-01-17,701.0,2971.0,3046.0,3627.0,1739.0,30.0
2019-01-18,990.0,7761.0,5392.0,3884.0,2181.0,532.0
2019-01-19,807.0,0.0,7263.0,1882.0,2181.0,1325.0
2019-01-20,625.0,6973.0,0.0,2663.0,0.0,372.0
2019-01-21,510.0,8566.0,77.0,0.0,1791.0,1271.0
2019-01-22,808.0,4671.0,6178.0,0.0,2319.0,936.0
2019-01-23,1088.0,11288.0,4476.0,2738.0,0.0,594.0
2019-01-24,595.0,11512.0,0.0,0.0,1873.0,609.0
2019-01-25,476.0,3947.0,0.0,2076.0,2525.0,0.0
2019-01-26,676.0,0.0,2975.0,5322.0,2871.0,0.0
2019-01-27,543.0,0.0,5553.0,3215.0,1521.0,224.0
2019-01-28,975.0,15704.0,5606.0,4978.0,2004.0,1168.0
2019-01-29,1070.0,13550.0,1758.0,0.0,1223.0,1113.0
2019-01-30,849.0,0.0,6690.0,0.0,2280.0,0.0
2019-01-31,748.0,0.0,5913.0,3621.0,0.0,980.0
2019-02-01,668.0,19405.0,4148.0,0.0,0.0,1478.0
2019-02-02,627.0,9495.0,3035.0,0.0,1698.0,1512.0
2019-02-03,965.0,8254.0,0.0,0.0,2538.0,856.0
2019-02-04,911.0,7325.0,6554.0,2525.0,0.0,1475.0
2019-02-05,1092.0,17373.0,7098.0,3768.0,0.0,572.0
2019-02-06,771.0,9213.0,6815.0,1060.0,0.0,1026.0
2019-02-07,1245.0,13218.0,2206.0,0.0,2247.0,973.0
2019-02-08,898.0,7910.0,7338.0,0.0,2001.0,0.0
2019-02-09,751.0,2890.0,2989.0,2710.0,2275.0,949.0
2019-02-10,772.0,7807.0,5212.0,3238.0,1721.0,670.0
2019-02-11,951.0,3640.0,0.0,4408.0,1789.0,1120.0
2019-02-12,1010.0,12758.0,2395.0,0.0,0.0,1017.0
2019-02-13,1026.0,11537.0,3593.0,0.0,2193.0,0.0
2019-02-14,647.0,15419.0,5661.0,0.0,0.0,1466.0
2019-02-15,697.0,2229.0,4201.0,3718.0,1562.0,1989.0
2019-02-16,598.0,500.0,11137.0,5096.0,2113.0,1116.0
2019-02-17,601.0,0.0,4843.0,0.0,0.0,1373.0
2019-02-18,1188.0,16213.0,2738.0,2250.0,2437.0,1368.0
2019-02-19,1282.0,16336.0,2747.0,4602.0,0.0,0.0
2019-02-20,1166.0,0.0,3635.0,2931.0,2040.0,1092.0
2019-02-21,1312.0,13243.0,2260.0,2574.0,1986.0,0.0
2019-02-22,931.0,0.0,0.0,0.0,1944.0,305.0
2019-02-23,802.0,7329.0,0.0,2432.0,1452.0,154.0
2019-02-24,775.0,13180.0,0.0,0.0,2301.0,0.0
2019-02-25,1005.0,18785.0,421.0,1651.0,1810.0,882.0
2019-02-26,1053.0,0.0,7650.0,3779.0,907.0,0.0
2019-02-27,1256.0,3627.0,3622.0,3217.0,2703.0,800.0
2019-02-28,701.0,0.0,6177.0,3744.0,2162.0,1702.0
2019-03-01,1116.0,4475.0,6701.0,286.0,0.0,935.0
2019-03-02,1105.0,0.0,0.0,3848.0,0.0,0.0
2019-03-03,1198.0,1782.0,3766.0,2597.0,0.0,835.0
2019-03-04,1232.0,0.0,6448.0,1764.0,1746.0,0.0
2019-03-05,1047.0,0.0,0.0,1329.0,845.0,0.0
2019-03-06,995.0,10522.0,1363.0,2141.0,0.0,804.0
2019-03-07,1198.0,4182.0,3783.0,0.0,2503.0,0.0
2019-03-08,1647.0,12745.0,0.0,2704.0,2025.0,1079.0
2019-03-09,839.0,0.0,4804.0,2227.0,2422.0,334.0
2019-03-10,863.0,0.0,5619.0,3753.0,2342.0,0.0
2019-03-11,1052.0,22146.0,3878.0,0.0,2500.0,1163.0
2019-03-12,1255.0,7651.0,6417.0,3080.0,2099.0,513.0
2019-03-13,1237.0,0.0,4632.0,0.0,2229.0,624.0
2019-03-14,1109.0,11408.0,0.0,1768.0,2004.0,491.0
2019-03-15,1608.0,10347.0,6260.0,5147.0,0.0,519.0
2019-03-16,773.0,17085.0,6217.0,0.0,2552.0,449.0
2019-03-17,1002.0,7819.0,1928.0,0.0,1769.0,1161.0
2019-03-18,851.0,9191.0,4974.0,0.0,2038.0,0.0
2019-03-19,1115.0,6687.0,5960.0,2679.0,1640.0,1218.0
2019-03-20,1669.0,9102.0,2866.0,3248.0,0.0,0.0
2019-03-21,721.0,15791.0,0.0,2593.0,1814.0,703.0
2019-03-22,874.0,0.0,7678.0,3175.0,0.0,518.0
2019-03-23,825.0,2828.0,9120.0,5273.0,1533.0,737.0
2019-03-24,1314.0,3778.0,1696.0,0.0,1659.0,0.0
2019-03-25,1146.0,11453.0,8585.0,3440.0,2675.0,1260.0
2019-03-26,1089.0,17226.0,4892.0,1556.0,0.0,1288.0
2019-03-27,946.0,0.0,3414.0,2467.0,1981.0,715.0
2019-03-28,1323.0,17372.0,5554.0,4416.0,1938.0,0.0
2019-03-29,1400.0,0.0,3214.0,2525.0,1945.0,659.0
2019-03-30,760.0,0.0,0.0,0.0,2504.0,1277.0
2019-03-31,1052.0,6656.0,3818.0,0.0,2576.0,1917.0
2019-04-01,752.0,14785.0,7364.0,3100.0,2228.0,580.0
2019-04-02,865.0,12742.0,7854.0,3114.0,2622.0,1252.0
2019-04-03,886.0,19770.0,0.0,0.0,814.0,855.0
2019-04-04,564.0,5467.0,0.0,4573.0,1621.0,1108.0
2019-04-05,807.0,0.0,0.0,3758.0,2070.0,0.0
2019-04-06,661.0,8603.0,11831.0,0.0,2210.0,582.0
2019-04-07,1012.0,3983.0,0.0,2517.0,1809.0,1621.0
2019-04-08,719.0,7528.0,0.0,3402.0,1533.0,0.0
2019-04-09,713.0,14401.0,0.0,0.0,2055.0,595.0
2019-04-10,1125.0,0.0,4568.0,0.0,1002.0,327.0
2019-04-11,596.0,7815.0,5271.0,0.0,0.0,1047.0
2019-04-12,898.0,0.0,4597.0,0.0,2499.0,613.0
2019-04-13,1408.0,7451.0,3063.0,4361.0,1834.0,0.0
2019-04-14,601.0,6106.0,4160.0,3963.0,1837.0,219.0
2019-04-15,750.0,0.0,8670.0,2375.0,2580.0,504.0
2019-04-16,723.0,0.0,12225.0,3724.0,1337.0,0.0
2019-04-17,1034.0,22507.0,4971.0,4266.0,1640.0,511.0
2019-04-18,1017.0,11160.0,0.0,2148.0,2628.0,0.0
2019-04-19,815.0,14611.0,7388.0,3579.0,1939.0,1487.0
2019-04-20,828.0,8553.0,4703.0,1668.0,1469.0,1406.0
2019-04-21,501.0,6848.0,6950.0,3495.0,1867.0,6.0
2019-04-22,1051.0,13007.0,8965.0,1479.0,0.0,488.0
2019-04-23,874.0,8997.0,7155.0,2599.0,0.0,834.0
2019-04-24,747.0,5566.0,7284.0,0.0,2468.0,0.0
2019-04-25,372.0,9526.0,0.0,0.0,2299.0,1108.0
2019-04-26,1069.0,0.0,0.0,3453.0,0.0,0.0
2019-04-27,870.0,13535.0,4818.0,4041.0,1324.0,1296.0
2019-04-28,1661.0,14581.0,8525.0,3698.0,0.0,749.0
2019-04-29,893.0,4057.0,347.0,2419.0,2030.0,1717.0
2019-04-30,424.0,8789.0,0.0,2353.0,0.0,0.0
2019-05-01,845.0,0.0,4739.0,0.0,1451.0,0.0
2019-05-02,834.0,0.0,8208.0,2880.0,2138.0,1245.0
2019-05-03,524.0,0.0,0.0,1784.0,1365.0,0.0
2019-05-04,1021.0,14290.0,7926.0,0.0,2021.0,1183.0
2019-05-05,1017.0,13721.0,3144.0,2797.0,1843.0,0.0
2019-05-06,935.0,6839.0,0.0,1515.0,2065.0,536.0
2019-05-07,849.0,11571.0,4682.0,2379.0,1796.0,0.0
2019-05-08,909.0,12678.0,0.0,2166.0,1525.0,1056.0
2019-05-09,830.0,0.0,0.0,1922.0,1797.0,1103.0
2019-05-10,1390.0,9556.0,10668.0,0.0,1567.0,587.0
2019-05-11,660.0,9786.0,1542.0,2993.0,1715.0,0.0
2019-05-12,773.0,6688.0,0.0,4736.0,1348.0,0.0
2019-05-13,699.0,12702.0,0.0,0.0,1398.0,0.0
2019-05-14,1044.0,0.0,3529.0,3023.0,1289.0,0.0
2019-05-15,659.0,15278.0,4071.0,1307.0,1651.0,1094.0
2019-05-16,799.0,12649.0,346.0,0.0,0.0,614.0
2019-05-17,680.0,16102.0,5324.0,3684.0,1832.0,246.0
2019-05-18,714.0,0.0,0.0,1608.0,2326.0,269.0
2019-05-19,604.0,0.0,0.0,863.0,2851.0,898.0
2019-05-20,599.0,0.0,3655.0,3623.0,2537.0,0.0
2019-05-21,537.0,0.0,0.0,3110.0,2001.0,873.0
2019-05-22,360.0,5749.0,0.0,0.0,1804.0,951.0
2019-05-23,987.0,10277.0,6610.0,0.0,1911.0,609.0
2019-05-24,964.0,0.0,3301.0,3546.0,0.0,861.0
2019-05-25,973.0,15862.0,5939.0,4391.0,2023.0,1392.0
2019-05-26,704.0,7600.0,1576.0,4143.0,2641.0,195.0
2019-05-27,562.0,7948.0,7049.0,1727.0,2710.0,513.0
2019-05-28,612.0,0.0,7402.0,1931.0,0.0,0.0
2019-05-29,706.0,6128.0,8389.0,3527.0,1948.0,1898.0
2019-05-30,1015.0,0.0,3959.0,2378.0,2149.0,1159.0
2019-05-31,540.0,0.0,4772.0,2519.0,0.0,1815.0
2019-06-01,992.0,7668.0,10347.0,1249.0,1006.0,1420.0
2019-06-02,824.0,9946.0,2974.0,2498.0,1273.0,739.0
2019-06-03,603.0,12628.0,0.0,4249.0,1599.0,1380.0
2019-06-04,701.0,8655.0,4110.0,2155.0,1557.0,1967.0
2019-06-05,821.0,4581.0,5825.0,0.0,1789.0,1437.0
2019-06-06,636.0,0.0,5609.0,4603.0,3450.0,1020.0
2019-06-07,671.0,7476.0,5840.0,4154.0,2236.0,758.0
2019-06-08,802.0,12929.0,0.0,3031.0,1237.0,870.0
2019-06-09,571.0,0.0,1015.0,3114.0,2593.0,164.0
2019-06-10,1390.0,2334.0,2463.0,3485.0,1597.0,933.0
2019-06-11,530.0,10677.0,3671.0,0.0,2196.0,1012.0
2019-06-12,1460.0,5092.0,5915.0,2411.0,2385.0,1393.0
2019-06-13,598.0,13081.0,5744.0,4375.0,2097.0,1845.0
2019-06-14,784.0,19950.0,0.0,2603.0,0.0,0.0
2019-06-15,883.0,0.0,9981.0,3812.0,2596.0,370.0
2019-06-16,572.0,8021.0,6332.0,0.0,2144.0,0.0
2019-06-17,553.0,7875.0,3594.0,0.0,2553.0,264.0
2019-06-18,773.0,3221.0,2509.0,1019.0,698.0,1247.0
2019-06-19,779.0,15897.0,8584.0,3904.0,2729.0,610.0
2019-06-20,723.0,9909.0,9309.0,1765.0,1815.0,1033.0
2019-06-21,533.0,1524.0,3784.0,4282.0,2800.0,1025.0
2019-06-22,685.0,0.0,4124.0,4320.0,0.0,0.0
2019-06-23,521.0,10871.0,3085.0,3876.0,0.0,1585.0
2019-06-24,720.0,10698.0,9446.0,105.0,1380.0,266.0
2019-06-25,734.0,16829.0,0.0,3706.0,1813.0,0.0
2019-06-26,667.0,8355.0,4874.0,0.0,2045.0,1177.0
2019-06-27,943.0,12142.0,8077.0,0.0,0.0,214.0
2019-06-28,772.0,0.0,0.0,0.0,2522.0,526.0
2019-06-29,838.0,12561.0,1252.0,2463.0,2711.0,969.0
2019-06-30,906.0,0.0,4183.0,2749.0,2936.0,669.0
2019-07-01,781.0,0.0,10533.0,3660.0,1492.0,0.0
2019-07-02,503.0,0.0,1293.0,4227.0,0.0,629.0
2019-07-03,622.0,17765.0,3480.0,3778.0,2642.0,1059.0
2019-07-04,970.0,11676.0,8316.0,2854.0,2349.0,929.0
2019-07-05,655.0,0.0,4936.0,2858.0,931.0,0.0
2019-07-06,992.0,1869.0,0.0,2619.0,2644.0,1168.0
2019-07-07,524.0,0.0,4441.0,2248.0,0.0,538.0
2019-07-08,553.0,18277.0,0.0,0.0,2763.0,0.0
2019-07-09,679.0,0.0,2434.0,0.0,2384.0,0.0
2019-07-10,601.0,0.0,0.0,4229.0,0.0,0.0
2019-07-11,717.0,3357.0,4258.0,0.0,1808.0,429.0
2019-07-12,621.0,1766.0,0.0,2993.0,2342.0,713.0
2019-07-13,828.0,10008.0,148.0,3656.0,1927.0,995.0
2019-07-14,781.0,14064.0,0.0,0.0,2396.0,140.0
2019-07-15,450.0,5263.0,0.0,0.0,0.0,1235.0
2019-07-16,738.0,11386.0,6079.0,0.0,0.0,1366.0
2019-07-17,604.0,13133.0,0.0,2545.0,2137.0,221.0
2019-07-18,1102.0,0.0,3628.0,0.0,0.0,1539.0
2019-07-19,1022.0,12583.0,7012.0,3423.0,0.0,0.0
2019-07-20,737.0,0.0,3137.0,2078.0,2509.0,705.0
2019-07-21,737.0,0.0,0.0,0.0,2489.0,1467.0
2019-07-22,892.0,9397.0,2197.0,0.0,1985.0,0.0
2019-07-23,1183.0,8422.0,2927.0,0.0,866.0,0.0
2019-07-24,604.0,0.0,1641.0,2675.0,2022.0,909.0
2019-07-25,544.0,8272.0,3613.0,3040.0,2267.0,1218.0
2019-07-26,1019.0,8272.0,0.0,3444.0,0.0,261.0
2019-07-27,856.0,0.0,3697.0,3360.0,1316.0,1141.0
2019-07-28,806.0,1403.0,6153.0,0.0,3472.0,0.0
2019-07-29,535.0,8723.0,3849.0,0.0,0.0,1472.0
2019-07-30,1178.0,16088.0,2968.0,2037.0,0.0,2053.0
2019-07-31,944.0,8490.0,6860.0,0.0,0.0,0.0
2019-08-01,1171.0,18684.0,6617.0,2867.0,3491.0,1184.0
2019-08-02,901.0,12496.0,0.0,3868.0,2637.0,771.0
2019-08-03,956.0,0.0,6392.0,0.0,2882.0,0.0
2019-08-04,1039.0,10602.0,0.0,2084.0,1579.0,352.0
2019-08-05,681.0,9682.0,0.0,1346.0,1818.0,1030.0
2019-08-06,574.0,0.0,1867.0,2055.0,1248.0,38.0
2019-08-07,818.0,5511.0,8461.0,0.0,0.0,547.0
2019-08-08,757.0,0.0,0.0,3011.0,2454.0,517.0
2019-08-09,937.0,6180.0,4232.0,0.0,0.0,882.0
2019-08-10,929.0,7295.0,5298.0,0.0,0.0,272.0
2019-08-11,861.0,11368.0,3032.0,2496.0,2048.0,323.0
2019-08-12,1092.0,18097.0,11174.0,0.0,1778.0,1511.0
2019-08-13,812.0,0.0,6024.0,2708.0,1848.0,432.0
2019-08-14,912.0,868.0,6895.0,4106.0,0.0,0.0
2019-08-15,691.0,0.0,4509.0,0.0,2305.0,1847.0
2019-08-16,737.0,0.0,0.0,0.0,2138.0,885.0
2019-08-17,731.0,14422.0,0.0,3193.0,0.0,1043.0
2019-08-18,820.0,6779.0,0.0,0.0,0.0,1219.0
2019-08-19,675.0,18517.0,7940.0,1778.0,0.0,0.0
2019-08-20,747.0,16985.0,1180.0,2547.0,1899.0,796.0
2019-08-21,767.0,6059.0,3431.0,2685.0,2597.0,0.0
2019-08-22,730.0,8143.0,1698.0,5010.0,1904.0,1069.0
2019-08-23,708.0,0.0,5275.0,4850.0,1628.0,1338.0
2019-08-24,1066.0,6701.0,0.0,2716.0,1577.0,1239.0
2019-08-25,1147.0,10756.0,5409.0,0.0,0.0,0.0
2019-08-26,1343.0,8760.0,0.0,0.0,2599.0,1895.0
2019-08-27,981.0,16408.0,5354.0,2896.0,3743.0,1831.0
2019-08-28,761.0,5134.0,5958.0,0.0,738.0,475.0
2019-08-29,629.0,9093.0,0.0,3730.0,1873.0,883.0
2019-08-30,916.0,1950.0,5505.0,4355.0,1228.0,1414.0
2019-08-31,554.0,0.0,7988.0,3904.0,0.0,273.0
2019-09-01,905.0,0.0,6725.0,2234.0,2885.0,0.0
2019-09-02,1209.0,15449.0,5771.0,5038.0,2576.0,842.0
2019-09-03,813.0,14995.0,4640.0,2719.0,0.0,0.0
2019-09-04,989.0,15890.0,0.0,2986.0,0.0,1040.0
2019-09-05,644.0,10310.0,351.0,0.0,1677.0,79.0
2019-09-06,1215.0,4642.0,13079.0,0.0,0.0,789.0
2019-09-07,1001.0,2550.0,3365.0,3797.0,0.0,0.0
2019-09-08,801.0,0.0,4894.0,3249.0,1542.0,441.0
2019-09-09,861.0,0.0,7716.0,3004.0,1952.0,1603.0
2019-09-10,536.0,5615.0,10674.0,3381.0,1489.0,1028.0
2019-09-11,773.0,5084.0,4637.0,2343.0,2488.0,1037.0
2019-09-12,866.0,15000.0,2101.0,3241.0,0.0,0.0
2019-09-13,918.0,11552.0,1080.0,1320.0,2633.0,1353.0
2019-09-14,788.0,3852.0,7365.0,0.0,2850.0,0.0
2019-09-15,1058.0,9689.0,1769.0,1907.0,801.0,739.0
2019-09-16,1179.0,7751.0,7847.0,3013.0,2174.0,697.0
2019-09-17,859.0,19141.0,3202.0,3008.0,1929.0,0.0
2019-09-18,1148.0,13095.0,8299.0,2780.0,2195.0,565.0
2019-09-19,672.0,9178.0,0.0,1558.0,0.0,0.0
2019-09-20,826.0,0.0,5532.0,2948.0,2978.0,0.0
2019-09-21,571.0,13515.0,5774.0,3359.0,1804.0,0.0
2019-09-22,826.0,8011.0,2326.0,2444.0,2420.0,1156.0
2019-09-23,717.0,14361.0,4815.0,2320.0,0.0,1210.0
2019-09-24,1032.0,14997.0,6516.0,2665.0,0.0,1355.0
2019-09-25,768.0,12064.0,6244.0,1486.0,1550.0,411.0
2019-09-26,754.0,15392.0,3254.0,0.0,2361.0,857.0
2019-09-27,544.0,8719.0,8488.0,0.0,2584.0,0.0
2019-09-28,532.0,0.0,0.0,2877.0,1429.0,0.0
2019-09-29,613.0,9194.0,0.0,0.0,0.0,267.0
2019-09-30,430.0,0.0,0.0,909.0,1272.0,393.0
2019-10-01,995.0,6469.0,6515.0,5264.0,2175.0,1354.0
2019-10-02,757.0,12919.0,0.0,3167.0,0.0,400.0
2019-10-03,646.0,4544.0,187.0,2041.0,1663.0,1338.0
2019-10-04,1025.0,10163.0,0.0,0.0,2444.0,530.0
2019-10-05,623.0,0.0,3436.0,0.0,2473.0,430.0
2019-10-06,946.0,5728.0,0.0,3034.0,1465.0,536.0
2019-10-07,679.0,16006.0,918.0,4347.0,2093.0,919.0
2019-10-08,1269.0,0.0,7977.0,3171.0,2443.0,1436.0
2019-10-09,639.0,10380.0,0.0,0.0,723.0,882.0
2019-10-10,658.0,10352.0,0.0,1051.0,2399.0,1762.0
2019-10-11,819.0,0.0,6812.0,2432.0,1921.0,559.0
2019-10-12,691.0,10204.0,3995.0,0.0,2138.0,1006.0
2019-10-13,706.0,6508.0,0.0,2124.0,2727.0,134.0
2019-10-14,569.0,0.0,6565.0,3443.0,0.0,557.0
2019-10-15,665.0,0.0,4274.0,0.0,2719.0,0.0
2019-10-16,663.0,0.0,3654.0,2957.0,0.0,2397.0
2019-10-17,494.0,7829.0,3379.0,4310.0,1502.0,0.0
2019-10-18,751.0,11893.0,7633.0,3547.0,1349.0,0.0
2019-10-19,799.0,15225.0,5269.0,2415.0,1536.0,850.0
2019-10-20,555.0,0.0,7775.0,2851.0,0.0,667.0
2019-10-21,489.0,4604.0,3425.0,1823.0,1244.0,0.0
2019-10-22,446.0,2600.0,4872.0,0.0,0.0,0.0
2019-10-23,798.0,7055.0,0.0,3653.0,2179.0,0.0
2019-10-24,681.0,8447.0,2323.0,3074.0,1964.0,636.0
2019-10-25,505.0,0.0,6967.0,2792.0,2589.0,535.0
2019-10-26,511.0,0.0,4880.0,2977.0,2024.0,1382.0
2019-10-27,648.0,5863.0,5364.0,0.0,2394.0,0.0
2019-10-28,759.0,0.0,4773.0,2925.0,0.0,781.0
2019-10-29,1044.0,10107.0,0.0,2793.0,1970.0,656.0
2019-10-30,776.0,10268.0,5306.0,3347.0,1937.0,941.0
2019-10-31,791.0,0.0,2811.0,3513.0,2950.0,267.0
2019-11-01,626.0,9739.0,6446.0,3500.0,1853.0,0.0
2019-11-02,702.0,12497.0,9984.0,1792.0,1630.0,0.0
2019-11-03,341.0,0.0,0.0,3118.0,2088.0,1841.0
2019-11-04,338.0,18173.0,0.0,4227.0,1818.0,1403.0
2019-11-05,610.0,0.0,0.0,0.0,1657.0,0.0
2019-11-06,843.0,8381.0,4504.0,3493.0,0.0,618.0
2019-11-07,471.0,6780.0,4789.0,2389.0,2308.0,1045.0
2019-11-08,674.0,15077.0,2216.0,3662.0,0.0,506.0
2019-11-09,626.0,0.0,6994.0,3706.0,0.0,0.0
2019-11-10,665.0,0.0,0.0,2845.0,0.0,0.0
2019-11-11,578.0,0.0,7535.0,4112.0,2123.0,906.0
2019-11-12,646.0,8615.0,3492.0,3708.0,1134.0,972.0
2019-11-13,365.0,0.0,2783.0,700.0,1286.0,605.0
2019-11-14,546.0,0.0,2857.0,2060.0,2113.0,877.0
2019-11-15,529.0,8372.0,6903.0,3631.0,2517.0,0.0
2019-11-16,410.0,5811.0,1664.0,2010.0,2244.0,1378.0
2019-11-17,489.0,19240.0,4057.0,0.0,1683.0,1362.0
2019-11-18,685.0,4944.0,4753.0,0.0,0.0,0.0
2019-11-19,513.0,6331.0,5955.0,2723.0,1917.0,0.0
2019-11-20,456.0,1419.0,4001.0,0.0,1052.0,0.0
2019-11-21,658.0,0.0,8761.0,3573.0,1913.0,1302.0
2019-11-22,426.0,6329.0,0.0,0.0,2768.0,1028.0
2019-11-23,593.0,14940.0,0.0,3391.0,2313.0,1220.0
2019-11-24,432.0,4100.0,7490.0,0.0,2424.0,623.0
2019-11-25,376.0,0.0,5394.0,4051.0,3036.0,1951.0
2019-11-26,1004.0,9259.0,0.0,0.0,2068.0,320.0
2019-11-27,547.0,6440.0,5348.0,2799.0,2333.0,1115.0
2019-11-28,448.0,13825.0,8809.0,0.0,2130.0,995.0
2019-11-29,564.0,14973.0,5054.0,0.0,2393.0,436.0
2019-11-30,526.0,11099.0,9383.0,1989.0,1557.0,1254.0
2019-12-01,432.0,1054.0,3201.0,0.0,2183.0,1298.0
2019-12-02,565.0,2278.0,4385.0,3282.0,1698.0,545.0
2019-12-03,581.0,16573.0,6030.0,2627.0,1376.0,895.0
2019-12-04,579.0,8131.0,7254.0,0.0,2203.0,830.0
2019-12-05,485.0,15614.0,4137.0,0.0,2572.0,0.0
2019-12-06,490.0,16821.0,0.0,2506.0,1749.0,931.0
2019-12-07,420.0,0.0,0.0,0.0,2237.0,571.0
2019-12-08,889.0,9711.0,5060.0,4936.0,2027.0,625.0
2019-12-09,321.0,5307.0,0.0,2231.0,0.0,641.0
2019-12-10,701.0,10806.0,5274.0,3397.0,0.0,1897.0
2019-12-11,427.0,6282.0,0.0,3643.0,1943.0,1669.0
2019-12-12,409.0,1102.0,5693.0,781.0,2012.0,840.0
2019-12-13,665.0,10891.0,0.0,2621.0,0.0,1451.0
2019-12-14,689.0,9304.0,0.0,3450.0,1403.0,162.0
2019-12-15,324.0,0.0,2065.0,1661.0,1697.0,317.0
2019-12-16,508.0,2219.0,5303.0,0.0,1534.0,915.0
2019-12-17,668.0,15649.0,3117.0,0.0,2519.0,982.0
2019-12-18,590.0,6280.0,8645.0,2440.0,0.0,770.0
2019-12-19,546.0,0.0,1674.0,3414.0,2465.0,721.0
2019-12-20,707.0,7484.0,0.0,3034.0,1728.0,1034.0
2019-12-21,763.0,17944.0,5603.0,4614.0,0.0,1090.0
2019-12-22,378.0,8417.0,6693.0,1783.0,2885.0,650.0
2019-12-23,625.0,10492.0,0.0,1898.0,2400.0,0.0
2019-12-24,608.0,0.0,3581.0,0.0,3078.0,1942.0
2019-12-25,372.0,9692.0,10096.0,3156.0,2345.0,1369.0
2019-12-26,505.0,0.0,0.0,2764.0,0.0,1270.0
2019-12-27,671.0,14770.0,5251.0,0.0,0.0,740.0
2019-12-28,633.0,11387.0,2250.0,0.0,0.0,1514.0
2019-12-29,626.0,10432.0,2976.0,1628.0,1709.0,1015.0
2019-12-30,615.0,9038.0,1454.0,1578.0,2048.0,932.0
2019-12-31,526.0,494.0,0.0,4033.0,1885.0,1500.0
2020-01-01,752.0,0.0,914.0,3847.0,0.0,502.0
2020-01-02,741.0,8222.0,8456.0,2061.0,0.0,0.0
2020-01-03,486.0,7836.0,4539.0,0.0,1606.0,739.0
2020-01-04,649.0,6854.0,5116.0,2824.0,2693.0,0.0
2020-01-05,1405.0,7625.0,3190.0,1352.0,0.0,889.0
2020-01-06,733.0,11323.0,4607.0,0.0,1674.0,1128.0
2020-01-07,690.0,4205.0,8338.0,3918.0,0.0,457.0
2020-01-08,956.0,7379.0,7088.0,4670.0,2630.0,542.0
2020-01-09,1004.0,16326.0,9143.0,0.0,2526.0,855.0
2020-01-10,484.0,0.0,0.0,4744.0,1988.0,474.0
2020-01-11,717.0,6804.0,6954.0,1357.0,0.0,0.0
2020-01-12,1030.0,10407.0,7436.0,3622.0,3267.0,1702.0
2020-01-13,978.0,9160.0,0.0,3757.0,1666.0,0.0
2020-01-14,995.0,2497.0,962.0,3718.0,0.0,471.0
2020-01-15,509.0,4882.0,2760.0,2174.0,1860.0,265.0
2020-01-16,761.0,10637.0,6534.0,2094.0,2150.0,1637.0
2020-01-17,930.0,0.0,2496.0,0.0,2440.0,807.0
2020-01-18,1238.0,4171.0,7861.0,2328.0,1528.0,1293.0
2020-01-19,565.0,3738.0,5247.0,2820.0,2025.0,798.0
2020-01-20,1100.0,11345.0,6945.0,0.0,2991.0,1005.0
2020-01-21,1248.0,9918.0,0.0,4147.0,2812.0,3.0
2020-01-22,918.0,8829.0,0.0,2371.0,2232.0,646.0
2020-01-23,980.0,9800.0,0.0,3489.0,3474.0,1115.0
2020-01-24,696.0,10504.0,0.0,1699.0,2344.0,1893.0
2020-01-25,1189.0,10137.0,0.0,2787.0,0.0,763.0
2020-01-26,948.0,17337.0,6048.0,400.0,2910.0,742.0
2020-01-27,1326.0,17429.0,4331.0,1885.0,0.0,1529.0
2020-01-28,972.0,15241.0,1185.0,2761.0,0.0,1234.0
2020-01-29,906.0,11930.0,0.0,2937.0,0.0,0.0
2020-01-30,909.0,4665.0,0.0,5460.0,1406.0,0.0
2020-01-31,1014.0,6569.0,2189.0,0.0,2276.0,0.0
2020-02-01,1399.0,9911.0,10086.0,0.0,2241.0,465.0
2020-02-02,948.0,0.0,0.0,1848.0,0.0,544.0
2020-02-03,1455.0,15752.0,0.0,3559.0,1990.0,146.0
2020-02-04,917.0,7325.0,7869.0,2713.0,1246.0,803.0
2020-02-05,1071.0,0.0,9591.0,0.0,0.0,1426.0
2020-02-06,1731.0,0.0,10473.0,3491.0,2292.0,0.0
2020-02-07,1325.0,8822.0,0.0,702.0,2396.0,0.0
2020-02-08,623.0,4541.0,5143.0,2666.0,2008.0,0.0
2020-02-09,1128.0,13586.0,0.0,3064.0,2226.0,940.0
2020-02-10,1366.0,20305.0,0.0,5250.0,0.0,325.0
2020-02-11,1347.0,11543.0,0.0,3016.0,3024.0,0.0
2020-02-12,1530.0,11343.0,8030.0,0.0,0.0,1704.0
2020-02-13,1527.0,14511.0,5696.0,3831.0,1740.0,584.0
2020-02-14,1653.0,0.0,6136.0,3642.0,1713.0,213.0
2020-02-15,1221.0,3494.0,6875.0,0.0,1835.0,1272.0
2020-02-16,1168.0,1647.0,4490.0,0.0,2737.0,1025.0
2020-02-17,2642.0,7698.0,4161.0,2873.0,1178.0,428.0
2020-02-18,1320.0,13957.0,3931.0,2443.0,0.0,1525.0
2020-02-19,1840.0,0.0,625.0,4832.0,1916.0,519.0
2020-02-20,1462.0,0.0,3600.0,0.0,1703.0,327.0
2020-02-21,893.0,0.0,1809.0,0.0,1734.0,447.0
2020-02-22,1580.0,0.0,5923.0,3391.0,1529.0,47.0
2020-02-23,2098.0,5367.0,0.0,3336.0,1942.0,426.0
2020-02-24,1417.0,0.0,4530.0,2500.0,0.0,863.0
2020-02-25,898.0,7618.0,0.0,2599.0,2240.0,798.0
2020-02-26,3237.0,0.0,5680.0,0.0,1994.0,0.0
2020-02-27,2152.0,8347.0,3262.0,0.0,2304.0,47.0
2020-02-28,996.0,0.0,3009.0,2639.0,0.0,0.0
2020-02-29,1406.0,11659.0,4175.0,1482.0,2200.0,624.0
2020-03-01,2385.0,14354.0,4652.0,0.0,2972.0,1305.0
2020-03-02,1217.0,0.0,11037.0,3564.0,2251.0,388.0
2020-03-03,1350.0,0.0,5362.0,2455.0,1487.0,0.0
2020-03-04,1029.0,20254.0,5330.0,3271.0,0.0,804.0
2020-03-05,1758.0,11328.0,4953.0,2188.0,0.0,0.0
2020-03-06,1995.0,11376.0,2977.0,1840.0,2131.0,1587.0
2020-03-07,1479.0,0.0,4907.0,3785.0,1845.0,641.0
2020-03-08,983.0,9802.0,5336.0,3137.0,1638.0,0.0
2020-03-09,1443.0,18397.0,4517.0,2832.0,2200.0,1282.0
2020-03-10,1590.0,7292.0,8422.0,4354.0,1539.0,411.0
2020-03-11,1269.0,0.0,10976.0,0.0,1773.0,0.0
2020-03-12,1817.0,0.0,0.0,3321.0,2321.0,1031.0
2020-03-13,1211.0,4419.0,5175.0,3704.0,0.0,984.0
2020-03-14,2376.0,12830.0,4887.0,4320.0,0.0,0.0
2020-03-15,1583.0,9383.0,7553.0,3952.0,0.0,0.0
2020-03-16,1592.0,14042.0,12042.0,3794.0,0.0,0.0
2020-03-17,1617.0,13030.0,0.0,2506.0,2101.0,1049.0
2020-03-18,1264.0,8768.0,4396.0,2904.0,2690.0,1467.0
2020-03-19,1414.0,6966.0,3057.0,2009.0,1084.0,825.0
2020-03-20,1408.0,11654.0,3507.0,0.0,1396.0,0.0
2020-03-21,1357.0,0.0,5013.0,3276.0,2827.0,1439.0
2020-03-22,1265.0,13621.0,1009.0,3557.0,2269.0,385.0
2020-03-23,1255.0,10211.0,2238.0,2485.0,1390.0,690.0
2020-03-24,1381.0,6946.0,0.0,3292.0,1993.0,806.0
2020-03-25,1455.0,10830.0,0.0,4573.0,1826.0,1361.0
2020-03-26,1675.0,8689.0,848.0,2077.0,1177.0,1334.0
2020-03-27,1229.0,18664.0,11471.0,0.0,1758.0,0.0
2020-03-28,1505.0,4801.0,5275.0,3714.0,3204.0,0.0
2020-03-29,1238.0,0.0,5346.0,2520.0,0.0,0.0
2020-03-30,1135.0,0.0,3491.0,3472.0,1569.0,918.0
2020-03-31,1148.0,10604.0,4711.0,0.0,2301.0,0.0
2020-04-01,1165.0,10641.0,6584.0,3712.0,1306.0,0.0
2020-04-02,1142.0,14426.0,0.0,4146.0,0.0,1007.0
2020-04-03,1646.0,5784.0,7063.0,4204.0,2243.0,858.0
2020-04-04,2186.0,12353.0,4718.0,4369.0,2051.0,1539.0
2020-04-05,930.0,14510.0,0.0,0.0,2347.0,59.0
2020-04-06,996.0,8370.0,5462.0,3058.0,0.0,322.0
2020-04-07,2010.0,8977.0,3394.0,2878.0,0.0,0.0
2020-04-08,968.0,10018.0,2945.0,1679.0,1181.0,505.0
2020-04-09,1398.0,5188.0,11937.0,913.0,0.0,878.0
2020-04-10,1140.0,5878.0,1866.0,0.0,1584.0,352.0
2020-04-11,846.0,15444.0,2711.0,0.0,2205.0,229.0
2020-04-12,1530.0,14084.0,5682.0,3001.0,2569.0,1064.0
2020-04-13,872.0,0.0,0.0,2502.0,2525.0,24.0
2020-04-14,1166.0,0.0,0.0,3973.0,0.0,1316.0
2020-04-15,719.0,11105.0,7301.0,3190.0,2156.0,0.0
2020-04-16,1487.0,0.0,0.0,2839.0,0.0,1143.0
2020-04-17,1205.0,0.0,1107.0,2340.0,2190.0,137.0
2020-04-18,856.0,21048.0,6407.0,0.0,2070.0,1430.0
2020-04-19,1030.0,20247.0,3053.0,2578.0,0.0,1344.0
2020-04-20,1150.0,0.0,8180.0,0.0,0.0,0.0
2020-04-21,1112.0,1849.0,4839.0,2745.0,0.0,591.0
2020-04-22,884.0,0.0,0.0,3136.0,2148.0,28.0
2020-04-23,1331.0,10498.0,7640.0,3238.0,0.0,772.0
2020-04-24,1512.0,8809.0,0.0,4332.0,1703.0,0.0
2020-04-25,1202.0,11754.0,0.0,3856.0,2177.0,660.0
2020-04-26,1250.0,12509.0,0.0,2493.0,2940.0,1601.0
2020-04-27,890.0,12577.0,2476.0,2866.0,1876.0,903.0
2020-04-28,875.0,1883.0,10678.0,1736.0,2404.0,845.0
2020-04-29,1020.0,11943.0,4475.0,1785.0,1303.0,78.0
2020-04-30,1835.0,7145.0,8488.0,4024.0,1443.0,0.0
2020-05-01,748.0,9886.0,2150.0,2995.0,1825.0,0.0
2020-05-02,779.0,0.0,8435.0,3111.0,0.0,97.0
2020-05-03,965.0,0.0,6409.0,2153.0,1748.0,1538.0
2020-05-04,811.0,10119.0,0.0,4427.0,1954.0,1440.0
2020-05-05,1544.0,13844.0,7204.0,2321.0,1208.0,1025.0
2020-05-06,1053.0,0.0,0.0,3443.0,0.0,961.0
2020-05-07,735.0,0.0,10293.0,0.0,0.0,833.0
2020-05-08,772.0,0.0,1164.0,0.0,0.0,422.0
2020-05-09,1341.0,10794.0,2757.0,3515.0,0.0,1171.0
2020-05-10,739.0,11801.0,9796.0,0.0,0.0,422.0
2020-05-11,2261.0,0.0,0.0,2783.0,2036.0,918.0
2020-05-12,1906.0,10950.0,4685.0,3376.0,0.0,1541.0
2020-05-13,1712.0,19627.0,5944.0,2345.0,1429.0,1074.0
2020-05-14,1302.0,10946.0,9562.0,4616.0,2577.0,0.0
2020-05-15,1048.0,0.0,0.0,3630.0,0.0,927.0
2020-05-16,1432.0,12397.0,6051.0,2996.0,1865.0,1146.0
2020-05-17,1164.0,4596.0,6634.0,0.0,2346.0,1307.0
2020-05-18,1270.0,5727.0,8448.0,0.0,1829.0,0.0
2020-05-19,839.0,0.0,2430.0,3427.0,2065.0,279.0
2020-05-20,1489.0,0.0,2832.0,3757.0,0.0,1241.0
2020-05-21,1187.0,8532.0,3208.0,2585.0,2385.0,637.0
2020-05-22,1028.0,0.0,4061.0,0.0,2877.0,1568.0
2020-05-23,1069.0,8480.0,7729.0,2624.0,1616.0,0.0
2020-05-24,770.0,18659.0,8532.0,3632.0,2100.0,638.0
2020-05-25,1342.0,8700.0,8283.0,4015.0,2086.0,700.0
2020-05-26,961.0,18968.0,0.0,3345.0,2623.0,0.0
2020-05-27,978.0,639.0,5532.0,1837.0,2261.0,1639.0
2020-05-28,906.0,14112.0,5220.0,2005.0,0.0,0.0
2020-05-29,1097.0,2847.0,8239.0,3159.0,2710.0,988.0
2020-05-30,1052.0,11834.0,7154.0,2292.0,2132.0,1331.0
2020-05-31,1067.0,0.0,7961.0,0.0,0.0,614.0
2020-06-01,712.0,4270.0,0.0,4401.0,0.0,1775.0
2020-06-02,794.0,5709.0,6046.0,1871.0,1719.0,673.0
2020-06-03,932.0,16455.0,2540.0,1933.0,0.0,1234.0
2020-06-04,1444.0,10658.0,1983.0,2693.0,1513.0,1670.0
2020-06-05,1211.0,7625.0,4601.0,1876.0,1510.0,600.0
2020-06-06,876.0,17757.0,1838.0,2973.0,1777.0,1191.0
2020-06-07,915.0,5159.0,4130.0,0.0,0.0,681.0
2020-06-08,665.0,10583.0,6753.0,3208.0,1598.0,1427.0
2020-06-09,1161.0,16633.0,5567.0,3987.0,2664.0,0.0
2020-06-10,856.0,4724.0,10404.0,2506.0,0.0,1251.0
2020-06-11,495.0,8002.0,0.0,0.0,2513.0,0.0
2020-06-12,692.0,0.0,3410.0,2207.0,785.0,1419.0
2020-06-13,762.0,0.0,2161.0,3128.0,0.0,0.0
2020-06-14,1001.0,8499.0,6973.0,0.0,1755.0,2565.0
2020-06-15,1032.0,6921.0,1829.0,4951.0,883.0,0.0
2020-06-16,618.0,0.0,3456.0,4827.0,2705.0,1566.0
2020-06-17,1004.0,9699.0,6574.0,0.0,0.0,0.0
2020-06-18,789.0,17971.0,9882.0,4706.0,2512.0,441.0
2020-06-19,978.0,15903.0,4322.0,0.0,751.0,565.0
2020-06-20,946.0,11639.0,4275.0,1647.0,0.0,1139.0
2020-06-21,1138.0,2655.0,3220.0,2368.0,2301.0,0.0
2020-06-22,839.0,10288.0,1275.0,2407.0,1935.0,637.0
2020-06-23,1174.0,0.0,0.0,3618.0,1906.0,1080.0
2020-06-24,1160.0,2882.0,10335.0,1543.0,2625.0,234.0
2020-06-25,649.0,3142.0,8215.0,0.0,1399.0,0.0
2020-06-26,1199.0,7202.0,0.0,2862.0,2031.0,0.0
2020-06-27,691.0,0.0,2045.0,2016.0,1987.0,0.0
2020-06-28,849.0,0.0,2771.0,1602.0,2270.0,1663.0
2020-06-29,815.0,13594.0,0.0,2952.0,2423.0,278.0
2020-06-30,1058.0,0.0,10731.0,3564.0,1227.0,959.0
2020-07-01,966.0,0.0,7282.0,3747.0,0.0,0.0
2020-07-02,1087.0,19983.0,0.0,0.0,1940.0,1284.0
2020-07-03,842.0,14321.0,0.0,4602.0,1891.0,855.0
2020-07-04,630.0,4006.0,4887.0,3226.0,1900.0,1582.0
2020-07-05,681.0,8645.0,5122.0,3272.0,0.0,700.0
2020-07-06,691.0,0.0,0.0,3411.0,0.0,757.0
2020-07-07,1159.0,6127.0,4832.0,4720.0,1605.0,1582.0
2020-07-08,639.0,13763.0,2634.0,2667.0,2026.0,0.0
2020-07-09,793.0,14937.0,0.0,3156.0,0.0,1349.0
2020-07-10,979.0,10181.0,4219.0,2798.0,1817.0,0.0
2020-07-11,840.0,23720.0,801.0,2285.0,2437.0,889.0
2020-07-12,884.0,7357.0,8616.0,4060.0,1928.0,983.0
2020-07-13,1237.0,0.0,4180.0,2984.0,0.0,0.0
2020-07-14,1041.0,16164.0,0.0,0.0,2472.0,0.0
2020-07-15,633.0,0.0,7715.0,2869.0,0.0,0.0
2020-07-16,777.0,4912.0,3890.0,0.0,1605.0,0.0
2020-07-17,1257.0,0.0,0.0,3029.0,1543.0,707.0
2020-07-18,1447.0,5422.0,7235.0,2883.0,0.0,0.0
2020-07-19,1252.0,15409.0,9864.0,1574.0,1528.0,1045.0
2020-07-20,1268.0,0.0,9432.0,2139.0,1933.0,1201.0
2020-07-21,1137.0,11308.0,0.0,4348.0,0.0,0.0
2020-07-22,917.0,0.0,6400.0,1270.0,2107.0,0.0
2020-07-23,964.0,0.0,5227.0,1586.0,1603.0,1482.0
2020-07-24,824.0,2832.0,8936.0,0.0,1202.0,279.0
2020-07-25,749.0,9902.0,6108.0,3678.0,1798.0,0.0
2020-07-26,849.0,11224.0,0.0,5129.0,1445.0,0.0
2020-07-27,1597.0,13337.0,0.0,0.0,1375.0,0.0
2020-07-28,1123.0,0.0,3477.0,2949.0,1558.0,523.0
2020-07-29,1041.0,0.0,3865.0,3034.0,0.0,2339.0
2020-07-30,885.0,0.0,0.0,1283.0,1725.0,0.0
2020-07-31,1062.0,11254.0,0.0,2956.0,0.0,0.0
2020-08-01,1059.0,0.0,3861.0,0.0,2858.0,1450.0
2020-08-02,842.0,0.0,4342.0,0.0,1717.0,0.0
2020-08-03,558.0,582.0,3423.0,3782.0,0.0,0.0
2020-08-04,982.0,8806.0,0.0,2257.0,2724.0,769.0
2020-08-05,704.0,0.0,4589.0,0.0,2513.0,0.0
2020-08-06,767.0,0.0,1134.0,3152.0,0.0,0.0
2020-08-07,698.0,0.0,0.0,0.0,2288.0,0.0
2020-08-08,1461.0,0.0,11115.0,2980.0,1399.0,725.0
2020-08-09,1149.0,9866.0,0.0,0.0,1635.0,998.0
2020-08-10,1376.0,10680.0,7658.0,3319.0,2464.0,972.0
2020-08-11,1497.0,825.0,8052.0,3731.0,2771.0,0.0
2020-08-12,1229.0,6261.0,2182.0,3488.0,2331.0,473.0
2020-08-13,822.0,0.0,8951.0,4330.0,0.0,0.0
2020-08-14,1368.0,10453.0,4998.0,1164.0,0.0,750.0
2020-08-15,946.0,0.0,1914.0,3144.0,2870.0,1576.0
2020-08-16,1022.0,17137.0,186.0,4238.0,1929.0,0.0
2020-08-17,702.0,15134.0,0.0,2484.0,1903.0,0.0
2020-08-18,762.0,0.0,6803.0,0.0,0.0,1058.0
2020-08-19,942.0,0.0,5718.0,6048.0,0.0,1247.0
2020-08-20,945.0,9303.0,0.0,0.0,2676.0,160.0
2020-08-21,823.0,0.0,0.0,2594.0,0.0,0.0
2020-08-22,1187.0,0.0,777.0,4981.0,2760.0,775.0
2020-08-23,1303.0,8697.0,0.0,2862.0,2403.0,1816.0
2020-08-24,2095.0,11595.0,5701.0,3586.0,1183.0,1651.0
2020-08-25,1267.0,11691.0,7041.0,0.0,1791.0,2031.0
2020-08-26,739.0,0.0,2476.0,0.0,1711.0,855.0
2020-08-27,835.0,7909.0,0.0,0.0,1634.0,338.0
2020-08-28,977.0,9313.0,7257.0,1542.0,1583.0,856.0
2020-08-29,1180.0,12769.0,7868.0,2542.0,2217.0,1624.0
2020-08-30,1045.0,9624.0,6173.0,3092.0,0.0,7.0
2020-08-31,993.0,17879.0,5858.0,0.0,1984.0,868.0
2020-09-01,1085.0,6078.0,5040.0,0.0,0.0,684.0
2020-09-02,821.0,7344.0,1352.0,1749.0,1675.0,0.0
2020-09-03,1117.0,0.0,0.0,0.0,0.0,1143.0
2020-09-04,938.0,7106.0,6505.0,3217.0,1655.0,0.0
2020-09-05,726.0,9413.0,6215.0,4511.0,1840.0,995.0
2020-09-06,986.0,8077.0,4472.0,0.0,2486.0,455.0
2020-09-07,1421.0,14438.0,4370.0,3723.0,1961.0,2260.0
2020-09-08,907.0,0.0,4312.0,2565.0,0.0,0.0
2020-09-09,1069.0,0.0,2899.0,0.0,0.0,1426.0
2020-09-10,1055.0,11377.0,4290.0,3000.0,2329.0,349.0
2020-09-11,876.0,9456.0,4328.0,0.0,2546.0,626.0
2020-09-12,1501.0,0.0,8083.0,1689.0,1210.0,0.0
2020-09-13,872.0,10237.0,5519.0,1086.0,1803.0,2074.0
2020-09-14,701.0,1340.0,3464.0,2608.0,0.0,0.0
2020-09-15,1407.0,0.0,2336.0,3543.0,2448.0,416.0
2020-09-16,1777.0,0.0,2086.0,1374.0,2195.0,0.0
2020-09-17,953.0,9405.0,6730.0,2482.0,0.0,660.0
2020-09-18,720.0,6523.0,0.0,1513.0,0.0,0.0
2020-09-19,1648.0,7924.0,6298.0,0.0,1051.0,792.0
2020-09-20,816.0,6075.0,193.0,2640.0,0.0,568.0
2020-09-21,1176.0,0.0,4951.0,0.0,2232.0,363.0
2020-09-22,1055.0,0.0,0.0,3238.0,2651.0,0.0
2020-09-23,1209.0,9072.0,7562.0,2910.0,2183.0,1361.0
2020-09-24,930.0,0.0,6335.0,4251.0,2319.0,520.0
2020-09-25,1001.0,0.0,0.0,2836.0,1150.0,1402.0
2020-09-26,1768.0,9329.0,6455.0,0.0,1946.0,846.0
2020-09-27,711.0,4558.0,5624.0,2884.0,2038.0,1078.0
2020-09-28,1205.0,13259.0,3693.0,2479.0,2088.0,1352.0
2020-09-29,1370.0,0.0,6588.0,0.0,0.0,946.0
2020-09-30,1175.0,14213.0,5631.0,4823.0,2015.0,1100.0
2020-10-01,798.0,14026.0,3391.0,0.0,0.0,0.0
2020-10-02,1368.0,14031.0,2646.0,3932.0,1934.0,914.0
2020-10-03,672.0,13086.0,0.0,4892.0,1399.0,706.0
2020-10-04,682.0,0.0,5780.0,0.0,2171.0,0.0
2020-10-05,463.0,8744.0,0.0,1251.0,2087.0,0.0
2020-10-06,1267.0,12494.0,4009.0,3172.0,2621.0,836.0
2020-10-07,709.0,2224.0,9037.0,0.0,1915.0,520.0
2020-10-08,694.0,0.0,5952.0,2361.0,1517.0,659.0
2020-10-09,870.0,18889.0,6459.0,3817.0,1146.0,915.0
2020-10-10,848.0,9741.0,1592.0,2420.0,2214.0,314.0
2020-10-11,857.0,0.0,6217.0,3445.0,2702.0,940.0
2020-10-12,1263.0,3740.0,0.0,2702.0,1703.0,563.0
2020-10-13,613.0,0.0,2700.0,1655.0,2633.0,0.0
2020-10-14,1014.0,16578.0,3308.0,4864.0,0.0,779.0
2020-10-15,974.0,1308.0,2700.0,1631.0,1491.0,470.0
2020-10-16,868.0,0.0,3794.0,0.0,1915.0,758.0
2020-10-17,646.0,14955.0,1581.0,3993.0,2298.0,1551.0
2020-10-18,877.0,14025.0,0.0,1810.0,1079.0,0.0
2020-10-19,1165.0,11548.0,7170.0,3176.0,1797.0,1324.0
2020-10-20,1226.0,9288.0,2162.0,3612.0,0.0,1698.0
2020-10-21,565.0,0.0,4484.0,2219.0,2137.0,1183.0
2020-10-22,820.0,21808.0,7064.0,3052.0,1246.0,458.0
2020-10-23,689.0,14867.0,0.0,4267.0,1360.0,922.0
2020-10-24,741.0,3048.0,4842.0,0.0,1873.0,1905.0
2020-10-25,1149.0,6742.0,6328.0,4042.0,1301.0,0.0
2020-10-26,750.0,13716.0,8577.0,3200.0,0.0,1053.0
2020-10-27,767.0,8753.0,4722.0,0.0,2112.0,766.0
2020-10-28,528.0,7787.0,0.0,4815.0,1955.0,1617.0
2020-10-29,761.0,8982.0,6170.0,2468.0,3145.0,628.0
2020-10-30,803.0,0.0,0.0,2800.0,0.0,1222.0
2020-10-31,1090.0,4484.0,6450.0,2850.0,1643.0,1050.0
2020-11-01,942.0,9928.0,0.0,0.0,1611.0,0.0
2020-11-02,953.0,13230.0,7071.0,3960.0,1778.0,755.0
2020-11-03,696.0,13698.0,2855.0,4602.0,1473.0,769.0
2020-11-04,802.0,10281.0,2852.0,0.0,0.0,924.0
2020-11-05,994.0,10447.0,21.0,2792.0,2063.0,712.0
2020-11-06,918.0,2778.0,10336.0,0.0,1939.0,198.0
2020-11-07,807.0,10089.0,0.0,3637.0,0.0,1181.0
2020-11-08,721.0,11148.0,2775.0,895.0,2448.0,918.0
2020-11-09,531.0,9843.0,2988.0,2921.0,1773.0,0.0
2020-11-10,538.0,1647.0,0.0,0.0,1812.0,0.0
2020-11-11,577.0,0.0,0.0,2288.0,0.0,0.0
2020-11-12,677.0,0.0,9074.0,0.0,2778.0,40.0
2020-11-13,560.0,0.0,2657.0,0.0,0.0,595.0
2020-11-14,571.0,0.0,8899.0,0.0,1784.0,196.0
2020-11-15,630.0,0.0,8111.0,3555.0,2582.0,0.0
2020-11-16,538.0,17485.0,0.0,3904.0,0.0,149.0
2020-11-17,565.0,0.0,0.0,3907.0,1150.0,0.0
2020-11-18,665.0,9087.0,6517.0,3281.0,2036.0,0.0
2020-11-19,795.0,10262.0,8668.0,5523.0,733.0,0.0
2020-11-20,732.0,10201.0,0.0,2003.0,2768.0,764.0
2020-11-21,627.0,0.0,8090.0,4085.0,0.0,0.0
2020-11-22,1219.0,16735.0,6991.0,3858.0,0.0,987.0
2020-11-23,518.0,9502.0,4064.0,0.0,0.0,196.0
2020-11-24,900.0,3435.0,5381.0,3350.0,2667.0,436.0
2020-11-25,612.0,11453.0,6653.0,3806.0,1841.0,0.0
2020-11-26,485.0,5264.0,6494.0,3199.0,1486.0,1254.0
2020-11-27,663.0,10845.0,0.0,3498.0,1365.0,0.0
2020-11-28,915.0,0.0,48.0,2849.0,1556.0,1652.0
2020-11-29,819.0,9498.0,10107.0,0.0,2069.0,968.0
2020-11-30,489.0,0.0,1753.0,2525.0,1869.0,284.0
2020-12-01,794.0,0.0,3011.0,3868.0,0.0,0.0
2020-12-02,543.0,13910.0,2448.0,4262.0,0.0,0.0
2020-12-03,547.0,0.0,0.0,3252.0,1256.0,699.0
2020-12-04,801.0,15949.0,0.0,2572.0,2105.0,0.0
2020-12-05,758.0,4410.0,11364.0,3138.0,2303.0,1604.0
2020-12-06,581.0,9993.0,0.0,0.0,0.0,0.0
2020-12-07,794.0,13612.0,0.0,0.0,0.0,0.0
2020-12-08,621.0,17406.0,0.0,2005.0,1777.0,650.0
2020-12-09,510.0,8767.0,6545.0,4422.0,1585.0,0.0
2020-12-10,815.0,13496.0,0.0,1573.0,3082.0,1090.0
2020-12-11,471.0,0.0,4419.0,1611.0,1734.0,1214.0
2020-12-12,692.0,17918.0,4598.0,2483.0,1391.0,0.0
2020-12-13,902.0,0.0,3061.0,3201.0,1790.0,0.0
2020-12-14,703.0,4701.0,10841.0,2851.0,1559.0,702.0
2020-12-15,664.0,0.0,2174.0,4369.0,2005.0,515.0
2020-12-16,704.0,7250.0,3913.0,2965.0,2174.0,407.0
2020-12-17,1206.0,17938.0,7473.0,4000.0,1559.0,933.0
2020-12-18,737.0,15894.0,7146.0,1882.0,0.0,609.0
2020-12-19,853.0,14182.0,13399.0,3655.0,0.0,475.0
2020-12-20,957.0,13769.0,5723.0,2854.0,2104.0,1393.0
2020-12-21,961.0,4397.0,4505.0,0.0,1325.0,1595.0
2020-12-22,1178.0,14741.0,6673.0,3077.0,1461.0,0.0
2020-12-23,914.0,10325.0,0.0,3530.0,2562.0,330.0
2020-12-24,1445.0,7298.0,1958.0,4426.0,3125.0,1166.0
2020-12-25,855.0,7121.0,0.0,4162.0,2122.0,1320.0
2020-12-26,846.0,3880.0,0.0,3100.0,2058.0,1065.0
2020-12-27,781.0,18942.0,0.0,0.0,2182.0,0.0
2020-12-28,958.0,14012.0,0.0,2255.0,0.0,680.0
2020-12-29,483.0,17582.0,559.0,4838.0,2542.0,643.0
2020-12-30,889.0,8508.0,0.0,3959.0,0.0,1606.0
2020-12-31,638.0,9977.0,9434.0,2389.0,1415.0,673.0
2021-01-01,744.0,18667.0,1792.0,0.0,2022.0,726.0
2021-01-02,541.0,0.0,4443.0,1111.0,1409.0,786.0
2021-01-03,1324.0,16405.0,0.0,3089.0,1910.0,1037.0
2021-01-04,1144.0,18282.0,7541.0,4131.0,1156.0,653.0
2021-01-05,1230.0,4449.0,8058.0,4616.0,0.0,349.0
2021-01-06,521.0,5876.0,4550.0,2390.0,0.0,1469.0
2021-01-07,859.0,9215.0,5779.0,1893.0,0.0,150.0
2021-01-08,631.0,9067.0,6973.0,3209.0,0.0,0.0
2021-01-09,1165.0,0.0,5633.0,3759.0,2891.0,0.0
2021-01-10,1496.0,0.0,8958.0,4034.0,1645.0,0.0
2021-01-11,925.0,8301.0,0.0,3816.0,0.0,591.0
2021-01-12,1123.0,10632.0,7528.0,3925.0,2147.0,1514.0
2021-01-13,1088.0,11426.0,6637.0,1838.0,2437.0,735.0
2021-01-14,703.0,9133.0,0.0,0.0,1735.0,0.0
2021-01-15,1194.0,5051.0,0.0,4263.0,2078.0,1023.0
2021-01-16,773.0,12474.0,6547.0,1998.0,0.0,521.0
2021-01-17,841.0,0.0,6259.0,0.0,1486.0,1463.0
2021-01-18,949.0,0.0,2096.0,2058.0,2299.0,0.0
2021-01-19,1438.0,7945.0,3894.0,0.0,1309.0,0.0
2021-01-20,1249.0,9671.0,6018.0,3563.0,0.0,866.0
2021-01-21,1106.0,8117.0,4289.0,4360.0,2106.0,1609.0
2021-01-22,928.0,0.0,0.0,3313.0,1908.0,0.0
2021-01-23,670.0,12218.0,4783.0,2610.0,1809.0,0.0
2021-01-24,1550.0,0.0,0.0,3775.0,0.0,0.0
2021-01-25,882.0,0.0,3570.0,1811.0,2180.0,891.0
2021-01-26,1171.0,0.0,6286.0,0.0,2290.0,0.0
2021-01-27,847.0,12938.0,4572.0,0.0,1610.0,1924.0
2021-01-28,1541.0,8556.0,6970.0,3941.0,2462.0,0.0
2021-01-29,698.0,0.0,0.0,3947.0,0.0,0.0
2021-01-30,1141.0,11602.0,5381.0,3598.0,2127.0,0.0
2021-01-31,1445.0,14984.0,3337.0,4885.0,0.0,1465.0
2021-02-01,986.0,2253.0,4453.0,1894.0,3541.0,0.0
2021-02-02,1229.0,6124.0,0.0,0.0,2753.0,0.0
2021-02-03,1469.0,0.0,0.0,3876.0,0.0,464.0
2021-02-04,1818.0,0.0,3946.0,3437.0,2066.0,733.0
2021-02-05,2246.0,4260.0,9834.0,3859.0,1623.0,0.0
2021-02-06,886.0,0.0,7197.0,0.0,2624.0,1125.0
2021-02-07,920.0,7305.0,3831.0,3407.0,1970.0,0.0
2021-02-08,2059.0,14415.0,8634.0,3035.0,1289.0,498.0
2021-02-09,1544.0,6485.0,3152.0,0.0,1767.0,0.0
2021-02-10,1122.0,3843.0,0.0,3324.0,2915.0,1363.0
2021-02-11,1401.0,8807.0,0.0,3321.0,0.0,930.0
2021-02-12,1047.0,10308.0,4193.0,4928.0,1664.0,0.0
2021-02-13,1068.0,12449.0,422.0,2519.0,2580.0,923.0
2021-02-14,1103.0,12890.0,0.0,2765.0,2287.0,0.0
2021-02-15,1679.0,5631.0,4463.0,3238.0,2197.0,1317.0
2021-02-16,1765.0,0.0,8991.0,3076.0,1749.0,1758.0
2021-02-17,1786.0,15798.0,3969.0,3197.0,2332.0,65.0
2021-02-18,1738.0,0.0,0.0,0.0,2461.0,1089.0
2021-02-19,1324.0,19237.0,1940.0,0.0,2503.0,686.0
2021-02-20,1623.0,12764.0,1505.0,0.0,1682.0,0.0
2021-02-21,2571.0,0.0,4047.0,3998.0,2060.0,695.0
2021-02-22,1370.0,0.0,10761.0,2919.0,3444.0,0.0
2021-02-23,1749.0,14915.0,0.0,1592.0,2448.0,1266.0
2021-02-24,1646.0,7845.0,0.0,3891.0,2169.0,1200.0
2021-02-25,1295.0,7205.0,2475.0,3309.0,2629.0,771.0
2021-02-26,1462.0,0.0,11149.0,0.0,0.0,1314.0
2021-02-27,1911.0,7480.0,0.0,3111.0,721.0,1142.0
2021-02-28,1647.0,15846.0,5294.0,0.0,2631.0,563.0
2021-03-01,1712.0,13163.0,0.0,0.0,2689.0,0.0
2021-03-02,1505.0,6492.0,0.0,1868.0,1639.0,368.0
2021-03-03,1937.0,14385.0,8376.0,839.0,1933.0,0.0
2021-03-04,1210.0,9164.0,6250.0,4377.0,0.0,406.0
2021-03-05,1538.0,5524.0,12898.0,2685.0,1735.0,1013.0
2021-03-06,1365.0,11232.0,8511.0,2866.0,0.0,0.0
2021-03-07,1340.0,8233.0,1750.0,3076.0,0.0,0.0
2021-03-08,2758.0,2517.0,3324.0,2026.0,1137.0,1864.0
2021-03-09,2137.0,0.0,4953.0,3765.0,0.0,547.0
2021-03-10,1554.0,11409.0,4889.0,2739.0,0.0,792.0
2021-03-11,1702.0,10094.0,9072.0,4592.0,0.0,0.0
2021-03-12,1631.0,9954.0,0.0,1948.0,0.0,0.0
2021-03-13,2155.0,15698.0,0.0,3750.0,1189.0,746.0
2021-03-14,1711.0,7589.0,4279.0,4349.0,0.0,1280.0
2021-03-15,1360.0,0.0,6973.0,3680.0,1981.0,1288.0
2021-03-16,1491.0,684.0,5299.0,2714.0,0.0,608.0
2021-03-17,1799.0,15430.0,7305.0,2535.0,0.0,0.0
2021-03-18,1538.0,13458.0,8190.0,2041.0,0.0,1697.0
2021-03-19,1168.0,13408.0,5512.0,0.0,1398.0,0.0
2021-03-20,753.0,0.0,5547.0,0.0,0.0,248.0
2021-03-21,2015.0,9091.0,0.0,2900.0,0.0,790.0
2021-03-22,1214.0,9696.0,0.0,3823.0,1559.0,950.0
2021-03-23,1104.0,10833.0,0.0,3267.0,1959.0,1148.0
2021-03-24,2333.0,0.0,2900.0,3557.0,1624.0,624.0
2021-03-25,1484.0,2446.0,8354.0,0.0,1807.0,559.0
2021-03-26,1044.0,3579.0,5866.0,0.0,0.0,1107.0
2021-03-27,2285.0,5317.0,2624.0,3108.0,2609.0,605.0
2021-03-28,1454.0,3038.0,1599.0,3981.0,0.0,0.0
2021-03-29,2071.0,12729.0,1904.0,2350.0,444.0,926.0
2021-03-30,1282.0,6966.0,0.0,0.0,1223.0,0.0
2021-03-31,1601.0,0.0,7779.0,0.0,2345.0,1198.0
2021-04-01,1294.0,6936.0,1146.0,1054.0,0.0,347.0
2021-04-02,1462.0,11849.0,5429.0,2688.0,1850.0,634.0
2021-04-03,1570.0,0.0,449.0,0.0,1260.0,139.0
2021-04-04,1068.0,4713.0,0.0,4238.0,1723.0,0.0
2021-04-05,827.0,6240.0,3484.0,2668.0,2474.0,12.0
2021-04-06,2507.0,8468.0,0.0,0.0,2185.0,0.0
2021-04-07,1830.0,7610.0,1119.0,0.0,2395.0,827.0
2021-04-08,1080.0,0.0,8557.0,626.0,0.0,723.0
2021-04-09,1247.0,9926.0,0.0,0.0,0.0,566.0
2021-04-10,1093.0,0.0,4440.0,2767.0,1729.0,0.0
2021-04-11,1342.0,0.0,6790.0,1765.0,2024.0,0.0
2021-04-12,1344.0,0.0,2616.0,0.0,2275.0,0.0
2021-04-13,2052.0,18069.0,1899.0,3509.0,0.0,556.0
2021-04-14,1509.0,6879.0,0.0,0.0,2294.0,713.0
2021-04-15,1879.0,0.0,4509.0,2736.0,0.0,1019.0
2021-04-16,1218.0,10964.0,0.0,1899.0,2074.0,1044.0
2021-04-17,1853.0,16361.0,0.0,0.0,1863.0,0.0
2021-04-18,1683.0,0.0,2153.0,2679.0,1477.0,0.0
2021-04-19,1736.0,11707.0,6004.0,2603.0,3185.0,0.0
2021-04-20,1278.0,4564.0,7809.0,4103.0,2180.0,0.0
2021-04-21,1603.0,7791.0,0.0,0.0,2032.0,964.0
2021-04-22,1571.0,5674.0,7224.0,4712.0,0.0,0.0
2021-04-23,1310.0,3960.0,0.0,1796.0,1657.0,393.0
2021-04-24,1602.0,9054.0,263.0,3192.0,2394.0,634.0
2021-04-25,1195.0,7777.0,0.0,1319.0,2365.0,1131.0
2021-04-26,1456.0,0.0,3587.0,3991.0,2163.0,637.0
2021-04-27,1316.0,0.0,0.0,3946.0,0.0,1437.0
2021-04-28,1735.0,3328.0,4647.0,1424.0,3126.0,10.0
2021-04-29,1603.0,9700.0,1536.0,3260.0,0.0,387.0
2021-04-30,1936.0,259.0,4783.0,3011.0,2460.0,0.0
2021-05-01,1214.0,9718.0,812.0,2575.0,0.0,0.0
2021-05-02,1210.0,0.0,0.0,2102.0,2191.0,0.0
2021-05-03,2059.0,0.0,2636.0,4348.0,0.0,0.0
2021-05-04,1572.0,12437.0,0.0,2938.0,2470.0,1562.0
2021-05-05,1129.0,0.0,6988.0,4733.0,0.0,442.0
2021-05-06,1846.0,18271.0,0.0,3523.0,1842.0,1121.0
2021-05-07,1581.0,9929.0,0.0,3649.0,3224.0,1185.0
2021-05-08,1355.0,6016.0,11691.0,0.0,2042.0,1105.0
2021-05-09,1569.0,19535.0,512.0,2822.0,3101.0,735.0
2021-05-10,1536.0,14932.0,0.0,4069.0,1653.0,888.0
2021-05-11,1374.0,6817.0,0.0,2403.0,0.0,0.0
2021-05-12,1662.0,0.0,5290.0,0.0,2513.0,1061.0
2021-05-13,1376.0,11929.0,0.0,2876.0,1981.0,941.0
2021-05-14,1163.0,5000.0,0.0,4504.0,1942.0,0.0
2021-05-15,1762.0,0.0,0.0,0.0,2043.0,0.0
2021-05-16,1087.0,13781.0,0.0,0.0,1846.0,746.0
2021-05-17,1570.0,6526.0,0.0,1510.0,2298.0,1186.0
2021-05-18,1907.0,6744.0,5146.0,4844.0,2558.0,1049.0
2021-05-19,1103.0,15921.0,501.0,0.0,1780.0,0.0
2021-05-20,3253.0,7849.0,4147.0,0.0,2041.0,647.0
2021-05-21,1905.0,6350.0,6151.0,3297.0,0.0,1176.0
2021-05-22,1200.0,3196.0,0.0,2418.0,2727.0,1122.0
2021-05-23,1418.0,6345.0,6044.0,0.0,1870.0,1156.0
2021-05-24,1205.0,0.0,0.0,4299.0,0.0,0.0
2021-05-25,1022.0,6672.0,0.0,2926.0,2700.0,678.0
2021-05-26,1431.0,11246.0,4344.0,3100.0,0.0,356.0
2021-05-27,1350.0,16422.0,2075.0,2432.0,0.0,619.0
2021-05-28,1585.0,0.0,0.0,4541.0,2222.0,658.0
2021-05-29,1459.0,11793.0,0.0,0.0,2749.0,0.0
2021-05-30,1245.0,10064.0,0.0,2936.0,1977.0,0.0
2021-05-31,1399.0,8201.0,0.0,0.0,0.0,237.0
2021-06-01,1651.0,0.0,0.0,3531.0,0.0,936.0
2021-06-02,916.0,6199.0,0.0,0.0,0.0,1330.0
2021-06-03,1657.0,11793.0,0.0,2485.0,3266.0,0.0
2021-06-04,930.0,6111.0,7475.0,2933.0,2542.0,441.0
2021-06-05,783.0,0.0,4923.0,0.0,1862.0,740.0
2021-06-06,888.0,9671.0,4342.0,3817.0,0.0,0.0
2021-06-07,1120.0,0.0,0.0,4924.0,0.0,1034.0
2021-06-08,1225.0,6273.0,3137.0,3002.0,2300.0,1787.0
2021-06-09,638.0,12656.0,0.0,3347.0,1199.0,493.0
2021-06-10,1370.0,18061.0,3827.0,3775.0,1481.0,0.0
2021-06-11,1081.0,17976.0,5786.0,3615.0,2280.0,380.0
2021-06-12,1001.0,0.0,5935.0,4043.0,1328.0,762.0
2021-06-13,928.0,7967.0,0.0,0.0,2668.0,994.0
2021-06-14,1171.0,2409.0,4189.0,2798.0,0.0,751.0
2021-06-15,1126.0,5006.0,9668.0,0.0,0.0,257.0
2021-06-16,1300.0,3612.0,2915.0,2937.0,0.0,507.0
2021-06-17,969.0,13343.0,0.0,0.0,0.0,564.0
2021-06-18,1337.0,13576.0,3312.0,3860.0,2353.0,1412.0
2021-06-19,1091.0,0.0,4464.0,0.0,1437.0,230.0
2021-06-20,1660.0,16576.0,3220.0,4305.0,2340.0,683.0
2021-06-21,1077.0,15547.0,9145.0,0.0,0.0,0.0
2021-06-22,1537.0,10650.0,0.0,2360.0,2008.0,9.0
2021-06-23,1288.0,21629.0,0.0,0.0,0.0,1151.0
2021-06-24,1029.0,4816.0,3261.0,3189.0,1613.0,863.0
2021-06-25,698.0,4561.0,0.0,0.0,2238.0,1207.0
2021-06-26,1390.0,9939.0,0.0,1435.0,1912.0,213.0
2021-06-27,1064.0,6767.0,0.0,3463.0,2813.0,286.0
2021-06-28,1154.0,13286.0,7672.0,3743.0,2649.0,554.0
2021-06-29,1345.0,7548.0,0.0,0.0,1911.0,720.0
2021-06-30,838.0,12144.0,0.0,2747.0,0.0,974.0
2021-07-01,1076.0,16699.0,3082.0,0.0,1866.0,0.0
2021-07-02,1040.0,8461.0,10126.0,0.0,2024.0,0.0
2021-07-03,1426.0,16839.0,5542.0,0.0,423.0,779.0
2021-07-04,1519.0,6207.0,6694.0,0.0,2860.0,588.0
2021-07-05,1124.0,7664.0,2613.0,3868.0,2755.0,1466.0
2021-07-06,1327.0,9202.0,0.0,2159.0,2063.0,0.0
2021-07-07,2483.0,9714.0,3669.0,4967.0,1313.0,1033.0
2021-07-08,1672.0,10685.0,6841.0,814.0,1819.0,638.0
2021-07-09,1434.0,0.0,5107.0,0.0,2381.0,483.0
2021-07-10,678.0,13708.0,4006.0,2234.0,1272.0,0.0
2021-07-11,675.0,0.0,0.0,2582.0,0.0,692.0
2021-07-12,867.0,4009.0,0.0,4644.0,1495.0,0.0
2021-07-13,1468.0,9536.0,3036.0,2832.0,1951.0,0.0
2021-07-14,1181.0,12406.0,9663.0,3843.0,2987.0,895.0
2021-07-15,1504.0,0.0,4107.0,2952.0,2299.0,0.0
2021-07-16,1380.0,0.0,8464.0,2360.0,2393.0,1014.0
2021-07-17,908.0,11329.0,0.0,2345.0,0.0,0.0
2021-07-18,1439.0,7977.0,5467.0,0.0,1498.0,269.0
2021-07-19,876.0,11159.0,2449.0,4113.0,2811.0,0.0
2021-07-20,776.0,0.0,7741.0,2162.0,1964.0,387.0
2021-07-21,1233.0,4547.0,7634.0,2183.0,2169.0,0.0
2021-07-22,1137.0,9172.0,0.0,0.0,0.0,1255.0
2021-07-23,917.0,2346.0,0.0,4416.0,1436.0,0.0
2021-07-24,1897.0,21839.0,10542.0,5240.0,3346.0,1084.0
2021-07-25,1687.0,0.0,3353.0,3231.0,1951.0,0.0
2021-07-26,1033.0,15635.0,5999.0,0.0,0.0,558.0
2021-07-27,1405.0,0.0,0.0,3862.0,2489.0,0.0
2021-07-28,1433.0,9656.0,4940.0,0.0,0.0,0.0
2021-07-29,812.0,8846.0,833.0,3369.0,2260.0,376.0
2021-07-30,828.0,9862.0,0.0,0.0,1185.0,962.0
2021-07-31,1260.0,18050.0,0.0,0.0,2255.0,651.0
2021-08-01,1299.0,5060.0,5099.0,0.0,1610.0,223.0
2021-08-02,1537.0,0.0,7475.0,1554.0,3204.0,0.0
2021-08-03,1447.0,521.0,7274.0,4029.0,3161.0,1029.0
2021-08-04,1185.0,10635.0,202.0,2979.0,1699.0,0.0
2021-08-05,1578.0,12871.0,9695.0,0.0,0.0,1369.0
2021-08-06,1173.0,10862.0,3873.0,2720.0,1545.0,0.0
2021-08-07,1434.0,0.0,4485.0,0.0,0.0,524.0
2021-08-08,1483.0,2361.0,4980.0,4025.0,0.0,1892.0
2021-08-09,935.0,16559.0,0.0,3751.0,2134.0,984.0
2021-08-10,1785.0,15159.0,0.0,4661.0,3118.0,0.0
2021-08-11,1132.0,0.0,4039.0,4933.0,0.0,1071.0
2021-08-12,1347.0,17250.0,6291.0,1378.0,0.0,1558.0
2021-08-13,1034.0,12949.0,4939.0,3238.0,1468.0,1421.0
2021-08-14,1640.0,9962.0,6230.0,4050.0,2741.0,164.0
2021-08-15,1368.0,0.0,0.0,0.0,1393.0,1007.0
2021-08-16,1343.0,10100.0,3744.0,5206.0,1756.0,1127.0
2021-08-17,1570.0,15105.0,12333.0,2993.0,1981.0,887.0
2021-08-18,1251.0,9218.0,4927.0,2941.0,1866.0,1323.0
2021-08-19,1725.0,16463.0,8394.0,3726.0,1237.0,0.0
2021-08-20,1055.0,13286.0,6502.0,5173.0,1823.0,943.0
2021-08-21,1776.0,12401.0,5115.0,1581.0,1757.0,888.0
2021-08-22,1136.0,0.0,12644.0,3638.0,1630.0,1333.0
2021-08-23,1939.0,15303.0,2444.0,3468.0,1701.0,0.0
2021-08-24,1369.0,13372.0,0.0,155.0,0.0,0.0
2021-08-25,1167.0,8059.0,6173.0,3566.0,0.0,0.0
2021-08-26,1031.0,12671.0,22.0,1136.0,2602.0,894.0
2021-08-27,1356.0,12095.0,7955.0,3300.0,1897.0,1138.0
2021-08-28,1141.0,0.0,7107.0,0.0,1738.0,1390.0
2021-08-29,1301.0,6721.0,0.0,4771.0,3600.0,1106.0
2021-08-30,1780.0,5685.0,3167.0,3112.0,2998.0,381.0
2021-08-31,2323.0,5506.0,1923.0,0.0,1704.0,0.0
2021-09-01,1447.0,0.0,4610.0,1737.0,2314.0,792.0
2021-09-02,2251.0,0.0,8606.0,3683.0,2707.0,0.0
2021-09-03,1153.0,9309.0,7038.0,3829.0,0.0,512.0
2021-09-04,1139.0,0.0,6348.0,2582.0,0.0,1279.0
2021-09-05,1005.0,0.0,2593.0,4343.0,2339.0,701.0
2021-09-06,2178.0,6766.0,6137.0,0.0,1867.0,1522.0
2021-09-07,961.0,7343.0,8938.0,0.0,0.0,0.0
2021-09-08,1787.0,16034.0,5522.0,1563.0,1008.0,0.0
2021-09-09,1783.0,13011.0,2250.0,2683.0,1372.0,654.0
2021-09-10,915.0,7510.0,4685.0,2405.0,2551.0,0.0
2021-09-11,1567.0,162.0,4639.0,3286.0,2043.0,1047.0
2021-09-12,1847.0,0.0,7362.0,3949.0,0.0,0.0
2021-09-13,898.0,0.0,0.0,0.0,1845.0,473.0
2021-09-14,1487.0,0.0,6352.0,2220.0,1463.0,0.0
2021-09-15,739.0,0.0,0.0,0.0,1901.0,1448.0
2021-09-16,1847.0,0.0,8704.0,3312.0,2263.0,106.0
2021-09-17,977.0,0.0,1324.0,3298.0,1881.0,0.0
2021-09-18,1999.0,11506.0,12270.0,0.0,2280.0,0.0
2021-09-19,1062.0,10497.0,1665.0,1360.0,760.0,0.0
2021-09-20,1728.0,0.0,3304.0,2620.0,915.0,984.0
2021-09-21,1097.0,0.0,0.0,1980.0,2467.0,0.0
2021-09-22,2441.0,8865.0,2027.0,3380.0,2861.0,1666.0
2021-09-23,1806.0,10930.0,0.0,2643.0,0.0,763.0
2021-09-24,1385.0,11320.0,10652.0,3814.0,1912.0,1445.0
2021-09-25,1384.0,7579.0,1649.0,0.0,0.0,1094.0
2021-09-26,1106.0,13947.0,7184.0,2577.0,1264.0,1267.0
2021-09-27,785.0,7329.0,2123.0,2885.0,3325.0,0.0
2021-09-28,1307.0,6514.0,0.0,3960.0,0.0,392.0
2021-09-29,1330.0,6207.0,8663.0,2465.0,2510.0,0.0
2021-09-30,1755.0,3566.0,5824.0,2743.0,0.0,0.0
2021-10-01,1754.0,0.0,13235.0,0.0,2259.0,1177.0
2021-10-02,1331.0,10373.0,1628.0,4482.0,2562.0,0.0
2021-10-03,1061.0,0.0,6701.0,2160.0,2382.0,189.0
2021-10-04,1072.0,8177.0,5500.0,1659.0,1598.0,194.0
2021-10-05,853.0,6981.0,0.0,2168.0,0.0,788.0
2021-10-06,1242.0,8835.0,6846.0,2015.0,1666.0,1165.0
2021-10-07,1104.0,14017.0,2696.0,4207.0,1709.0,514.0
2021-10-08,1828.0,0.0,0.0,0.0,1819.0,140.0
2021-10-09,1507.0,17975.0,5864.0,4174.0,1745.0,1072.0
2021-10-10,1504.0,1090.0,479.0,3911.0,2051.0,0.0
2021-10-11,2297.0,13450.0,7952.0,4009.0,2584.0,1060.0
2021-10-12,2324.0,14963.0,4939.0,4505.0,2475.0,1033.0
2021-10-13,1044.0,5065.0,0.0,3458.0,1907.0,0.0
2021-10-14,1345.0,0.0,8809.0,0.0,1945.0,683.0
2021-10-15,966.0,6000.0,0.0,0.0,2875.0,0.0
2021-10-16,1241.0,4661.0,8287.0,1817.0,0.0,899.0
2021-10-17,714.0,0.0,0.0,0.0,0.0,118.0
2021-10-18,1078.0,7819.0,7125.0,6079.0,2237.0,0.0
2021-10-19,2022.0,0.0,4322.0,2702.0,2390.0,0.0
2021-10-20,960.0,8381.0,2448.0,1940.0,1267.0,1114.0
2021-10-21,859.0,21819.0,8162.0,0.0,1278.0,1215.0
2021-10-22,1469.0,5712.0,529.0,3040.0,2532.0,1317.0
2021-10-23,779.0,4917.0,5840.0,0.0,1841.0,1060.0
2021-10-24,828.0,11159.0,2874.0,2388.0,1364.0,0.0
2021-10-25,948.0,14366.0,0.0,3082.0,2169.0,55.0
2021-10-26,773.0,0.0,7458.0,1712.0,0.0,0.0
2021-10-27,1093.0,4357.0,2353.0,2932.0,0.0,1221.0
2021-10-28,1192.0,11698.0,4186.0,3327.0,1720.0,1169.0
2021-10-29,1473.0,0.0,3786.0,3835.0,1663.0,136.0
2021-10-30,1960.0,7119.0,8885.0,0.0,2154.0,0.0
2021-10-31,826.0,11006.0,3447.0,0.0,1794.0,0.0
2021-11-01,1249.0,17352.0,0.0,0.0,1827.0,0.0
2021-11-02,660.0,12146.0,3869.0,0.0,0.0,891.0
2021-11-03,1041.0,0.0,5929.0,3746.0,0.0,1114.0
2021-11-04,1357.0,0.0,0.0,4177.0,0.0,1140.0
2021-11-05,725.0,9170.0,4023.0,1679.0,1984.0,814.0
2021-11-06,809.0,6401.0,2141.0,4241.0,1247.0,0.0
2021-11-07,949.0,0.0,2631.0,5758.0,0.0,0.0
2021-11-08,875.0,5897.0,7223.0,0.0,1846.0,270.0
2021-11-09,975.0,19206.0,4657.0,0.0,1923.0,839.0
2021-11-10,962.0,19921.0,0.0,3721.0,2389.0,1334.0
2021-11-11,1087.0,0.0,3845.0,4365.0,1176.0,0.0
2021-11-12,415.0,11983.0,9089.0,3267.0,0.0,916.0
2021-11-13,922.0,6414.0,0.0,0.0,1957.0,418.0
2021-11-14,804.0,14096.0,9228.0,3424.0,0.0,311.0
2021-11-15,941.0,2877.0,2886.0,4320.0,0.0,1007.0
2021-11-16,745.0,0.0,11318.0,540.0,1756.0,955.0
2021-11-17,1087.0,3825.0,0.0,5412.0,1609.0,924.0
2021-11-18,1338.0,15325.0,5392.0,2691.0,2214.0,0.0
2021-11-19,1158.0,4858.0,3849.0,1945.0,2188.0,44.0
2021-11-20,1132.0,7885.0,5632.0,2650.0,2290.0,1330.0
2021-11-21,829.0,22051.0,3808.0,2540.0,1153.0,0.0
2021-11-22,595.0,12224.0,3114.0,2653.0,1363.0,0.0
2021-11-23,832.0,0.0,0.0,0.0,2187.0,0.0
2021-11-24,969.0,24485.0,0.0,3189.0,2013.0,886.0
2021-11-25,1340.0,7651.0,5586.0,4063.0,0.0,0.0
2021-11-26,751.0,14848.0,6529.0,3263.0,1693.0,1414.0
2021-11-27,1297.0,12546.0,1510.0,2941.0,2629.0,830.0
2021-11-28,684.0,6777.0,0.0,2925.0,0.0,1251.0
2021-11-29,1305.0,8150.0,9945.0,4172.0,1680.0,875.0
2021-11-30,576.0,3724.0,6980.0,2595.0,0.0,695.0
2021-12-01,835.0,16288.0,0.0,0.0,1999.0,0.0
2021-12-02,1067.0,12458.0,3040.0,3887.0,2482.0,350.0
2021-12-03,1113.0,11612.0,0.0,3064.0,2205.0,426.0
2021-12-04,743.0,7775.0,2620.0,4637.0,0.0,1033.0
2021-12-05,1095.0,2685.0,0.0,0.0,0.0,0.0
2021-12-06,752.0,8590.0,4156.0,1492.0,0.0,0.0
2021-12-07,1346.0,1186.0,7688.0,3678.0,1674.0,0.0
2021-12-08,1009.0,0.0,6058.0,3199.0,2961.0,1052.0
2021-12-09,1017.0,0.0,7313.0,2396.0,2235.0,1039.0
2021-12-10,1035.0,4316.0,1148.0,0.0,2523.0,683.0
2021-12-11,990.0,9067.0,0.0,3373.0,1941.0,0.0
2021-12-12,1067.0,11716.0,0.0,0.0,2465.0,0.0
2021-12-13,1551.0,0.0,0.0,2513.0,0.0,0.0
2021-12-14,964.0,0.0,0.0,4127.0,1675.0,0.0
2021-12-15,987.0,9379.0,0.0,0.0,2094.0,813.0
2021-12-16,612.0,0.0,4199.0,3850.0,1433.0,1282.0
2021-12-17,1130.0,9411.0,922.0,0.0,1413.0,450.0
2021-12-18,1124.0,6773.0,823.0,2281.0,2206.0,0.0
2021-12-19,1260.0,0.0,4299.0,1641.0,1553.0,1535.0
2021-12-20,916.0,0.0,0.0,3099.0,2179.0,0.0
2021-12-21,1327.0,15305.0,8023.0,2729.0,0.0,1260.0
2021-12-22,866.0,14118.0,2608.0,3367.0,0.0,1212.0
2021-12-23,823.0,0.0,4765.0,3066.0,1545.0,1434.0
2021-12-24,1127.0,0.0,300.0,2591.0,2147.0,0.0
2021-12-25,1095.0,10545.0,1159.0,3779.0,888.0,0.0
2021-12-26,1042.0,0.0,12879.0,0.0,3052.0,0.0
2021-12-27,2107.0,6281.0,6952.0,2884.0,2037.0,767.0
2021-12-28,1380.0,0.0,10822.0,2690.0,0.0,0.0
2021-12-29,1346.0,8912.0,3545.0,2373.0,1869.0,693.0
2021-12-30,2301.0,14479.0,4771.0,0.0,3116.0,1066.0
